CC-0003,M Tyranitar EX — Ancient Origins · #43,LP,26,Andy
CC-0009,Anthea & Concordia — Ascended Heroes · #254/217,NM,2,Andy
CC-0013,Counter Gain — Ascended Heroes · #259/217,NM,1,Andy
CC-0017,Hitmontop — Ascended Heroes · #240/217,NM,6,Andy
CC-0018,Koraidon ex — Ascended Heroes · #121/217,NM,1,Andy
CC-0019,Mega Audino ex — Ascended Heroes · #172/217,NM,2,Andy
CC-0025,Togedemaru ex — Ascended Heroes · #149/217,NM,1,Andy
CC-0028,Darkrai V — Astral Radiance · #098/189,NM,2,Andy
CC-0029,Gardenia's Vigor (Full Art) — Astral Radiance · #184/189,NM,8,Andy
CC-0032,Jirachi V (Full Art) — Astral Radiance · #170/189,NM,24,Andy
CC-0034,Lucario V — Astral Radiance · #078/189,NM,3,Andy
CC-0035,Origin Forme Dialga V — Astral Radiance · #113/189,NM,2,Andy
CC-0038,Roxanne (Full Art) — Astral Radiance · #188/189,NM,6,Andy
CC-0039,Shadow Rider Calyrex VMAX — Astral Radiance Trainer Gallery · #TG18/TG30,NM,12,Andy
CC-0042,Charizard — Base Set (1st Edition & Shadowless) · #4,PSA 1,908,Andy
CC-0043,Charmander — Base Set (1st Edition & Shadowless) · #46,MP,3,Andy
CC-0045,Gastly — Base Set (1st Edition & Shadowless) · #50,MP,2,Andy
CC-0047,Growlithe — Base Set (1st Edition & Shadowless) · #28,MP,2,Andy
CC-0051,Squirtle — Base Set 2 · #93,NM,3,Andy
CC-0052,Arcanine — Base Set (Unlimited) · #23,LP,4,Andy
CC-0053,Beedrill — Base Set (Unlimited) · #17,LP,6,Andy
CC-0054,Bulbasaur — Base Set (Unlimited) · #44,NM,4,Andy
CC-0055,Bulbasaur — Base Set (Unlimited) · #44,LP,3,Andy
CC-0058,Hitmonchan — Base Set (Unlimited) · #7,MP,15,Andy
CC-0060,Koffing — Base Set (Unlimited) · #51,LP,2,Andy
CC-0061,Magneton — Base Set (Unlimited) · #9,LP,30,Andy
CC-0065,Squirtle — Base Set (Unlimited) · #63,MP,6,Andy
CC-0069,Tyranitar V (Full Art) — Battle Styles · #154/163,NM,12,Andy
CC-0070,Black Kyurem — Black and White Promos · #BW58,LP,19,Andy
CC-0075,Beartic (Poke Ball Pattern) — Black Bolt · #026/086,NM,1,Andy
CC-0078,Cobalion (Poke Ball Pattern) — Black Bolt · #066/086,NM,1,Andy
CC-0079,Krokorok — Black Bolt · #136/086,NM,13,Andy
CC-0081,Elgyem (Poke Ball Pattern) — Black Bolt · #040/086,NM,1,Andy
CC-0082,Escavalier (Poke Ball Pattern) — Black Bolt · #060/086,NM,1,Andy
CC-0084,Excadrill ex — Black Bolt · #046/086,NM,1,Andy
CC-0087,Genesect ex — Black Bolt · #067/086,NM,2,Andy
CC-0090,Klinklang (Poke Ball Pattern) — Black Bolt · #063/086,NM,1,Andy
CC-0091,Krokorok (Master Ball Pattern) — Black Bolt · #058/086,NM,1,Andy
CC-0092,Kyurem ex — Black Bolt · #028/086,NM,5,Andy
CC-0098,Pansage (Poke Ball Pattern) — Black Bolt · #004/086,NM,1,Andy
CC-0100,Rufflet (Poke Ball Pattern) — Black Bolt · #077/086,NM,1,Andy
CC-0104,Tirtouga — Black Bolt · #106/086,NM,33,Andy
CC-0105,Solosis — Black Bolt · #123/086,PSA 10,61,Andy
CC-0106,Timburr — Black Bolt · #125/086,NM,20,Andy
CC-0110,Tranquill (Poke Ball Pattern) — Black Bolt · #072/086,NM,1,Andy
CC-0111,Tynamo (Poke Ball Pattern) — Black Bolt · #030/086,NM,1,Andy
CC-0123,Kingler V — Brilliant Stars · #028/172,NM,2,Andy
CC-0124,Kingler VMAX — Brilliant Stars · #029/172,NM,3,Andy
CC-0127,Raichu V (Full Art) — Brilliant Stars · #158/172,NM,7,Andy
CC-0128,Shaymin V — Brilliant Stars · #013/172,NM,1,Andy
CC-0129,Boltund V — Brilliant Stars Trainer Gallery · #TG13/TG30,NM,15,Andy
CC-0130,Dusknoir — Brilliant Stars Trainer Gallery · #TG06/TG30,NM,4,Andy
CC-0137,Flying Pikachu V — Celebrations · #006/025,NM,5,Andy
CC-0138,Flying Pikachu VMAX — Celebrations · #007/025,NM,9,Andy
CC-0147,Pikachu — Celebrations · #005/025,NM,6,Andy
CC-0151,Surfing Pikachu V — Celebrations · #008/025,NM,7,Andy
CC-0152,Surfing Pikachu VMAX — Celebrations · #009/025,NM,8,Andy
CC-0155,Zacian V — Celebrations · #016/025,NM,1,Andy
CC-0156,Zamazenta V — Celebrations · #018/025,NM,1,Andy
CC-0158,Here Comes Team Rocket! — Celebrations: Classic Collection · #15/82,NM,11,Andy
CC-0159,Imposter Professor Oak — Celebrations: Classic Collection · #73/102,NM,1,Andy
CC-0163,Gardevoir V (Full Art) — Champion's Path · #70/73,NM,5,Andy
CC-0165,Beedrill ex — Chaos Rising · #003/086,NM,1,Andy
CC-0171,Cinccino ex — Chaos Rising · #073/086,NM,1,Andy
CC-0172,Cinccino ex — Chaos Rising · #119/086,NM,53,Andy
CC-0173,Cobalion ex — Chaos Rising · #103/086,NM,2,Andy
CC-0174,Cobalion ex — Chaos Rising · #064/086,NM,1,Andy
CC-0175,Crobat — Chaos Rising · #093/086,NM,3,Andy
CC-0176,Emma — Chaos Rising · #107/086,NM,2,Andy
CC-0177,Energy Retrieval — Chaos Rising · #108/086,NM,2,Andy
CC-0179,Gourgeist ex — Chaos Rising · #102/086,NM,2,Andy
CC-0180,Gourgeist ex — Chaos Rising · #041/086,NM,1,Andy
CC-0181,Krookodile ex — Chaos Rising · #055/086,NM,1,Andy
CC-0182,Mega Dragalge ex — Chaos Rising · #065/086,NM,1,Andy
CC-0184,Mega Floette ex — Chaos Rising · #035/086,NM,1,Andy
CC-0185,Mega Gallade ex — Chaos Rising · #048/086,NM,1,Andy
CC-0186,Mega Greninja ex — Chaos Rising · #022/086,NM,1,Andy
CC-0188,Mega Pyroar ex — Chaos Rising · #015/086,NM,1,Andy
CC-0189,Metang — Chaos Rising · #094/086,NM,2,Andy
CC-0190,Prism Tower — Chaos Rising · #111/086,NM,2,Andy
CC-0191,Roxie's Performance — Chaos Rising · #112/086,NM,2,Andy
CC-0192,Sliggoo — Chaos Rising · #095/086,NM,2,Andy
CC-0193,Tauros — Chaos Rising · #096/086,NM,3,Andy
CC-0195,Blissey V — Chilling Reign · #119/198,NM,2,Andy
CC-0196,Sandaconda V (Full Art) — Chilling Reign · #175/198,NM,2,Andy
CC-0197,Zeraora V — Chilling Reign · #053/198,NM,1,Andy
CC-0199,Azurill — Cosmic Eclipse · #146/236,NM,14,Andy
CC-0201,Gallade (Secret) — Cosmic Eclipse · #244/236,NM,13,Andy
CC-0202,Guzzlord — Cosmic Eclipse · #136/236,NM,7,Andy
CC-0237,Charizard V — Crown Zenith · #018/159,NM,8,Andy
CC-0238,Charizard VSTAR — Crown Zenith · #019/159,NM,12,Andy
CC-0261,Duraludon VMAX — Crown Zenith · #104/159,NM,2,Andy
CC-0291,Friends in Sinnoh (Full Art) — Crown Zenith · #149/159,NM,9,Andy
CC-0308,Greedent V — Crown Zenith · #120/159,NM,2,Andy
CC-0336,Leafeon V — Crown Zenith · #013/159,NM,3,Andy
CC-0392,Radiant Charizard — Crown Zenith · #020/159,NM,14,Andy
CC-0400,Rayquaza VMAX — Crown Zenith · #102/159,NM,15,Andy
CC-0410,Rotom V — Crown Zenith · #045/159,NM,1,Andy
CC-0483,Zamazenta VSTAR — Crown Zenith · #099/159,NM,2,Andy
CC-0494,Bibarel — Crown Zenith: Galarian Gallery · #GG25/GG70,NM,4,Andy
CC-0498,Comfey — Crown Zenith: Galarian Gallery · #GG14/GG70,NM,3,Andy
CC-0504,Diancie — Crown Zenith: Galarian Gallery · #GG13/GG70,NM,6,Andy
CC-0509,Electivire — Crown Zenith: Galarian Gallery · #GG08/GG70,NM,11,Andy
CC-0510,Entei V — Crown Zenith: Galarian Gallery · #GG36/GG70,NM,53,Andy
CC-0524,Kricketune — Crown Zenith: Galarian Gallery · #GG02/GG70,NM,10,Andy
CC-0538,Oricorio — Crown Zenith: Galarian Gallery · #GG04/GG70,NM,4,Andy
CC-0546,Raikou V — Crown Zenith: Galarian Gallery · #GG41/GG70,NM,44,Andy
CC-0553,Suicune V — Crown Zenith: Galarian Gallery · #GG38/GG70,NM,63,Andy
CC-0556,Toxtricity — Crown Zenith: Galarian Gallery · #GG09/GG70,NM,4,Andy
CC-0557,Turtwig — Crown Zenith: Galarian Gallery · #GG31/GG70,NM,12,Andy
CC-0559,Zamazenta V — Crown Zenith: Galarian Gallery · #GG54/GG70,NM,20,Andy
CC-0562,Grimmsnarl VMAX — Darkness Ablaze · #115/189,NM,3,Andy
CC-0563,Houndoom V — Darkness Ablaze · #021/189,NM,3,Andy
CC-0564,Houndoom V (Full Art) — Darkness Ablaze · #178/189,NM,7,Andy
CC-0565,Mew V — Darkness Ablaze · #069/189,NM,7,Andy
CC-0566,Gengar (JP) — Dark Phantasma · #074/071,PSA 10,106,Andy
CC-0571,Arboliva ex — Destined Rivals · #023/182,NM,1,Andy
CC-0572,Arboliva ex — Destined Rivals · #207/182,NM,2,Andy
CC-0573,Arven's Mabosstiff ex — Destined Rivals · #139/182,NM,1,Andy
CC-0574,Arven's Mabosstiff ex — Destined Rivals · #218/182,NM,2,Andy
CC-0576,Cetitan ex — Destined Rivals · #065/182,NM,1,Andy
CC-0577,Clamperl — Destined Rivals · #195/182,NM,5,Andy
CC-0579,Cynthia's Garchomp ex — Destined Rivals · #104/182,NM,1,Andy
CC-0584,Electivire ex — Destined Rivals · #212/182,NM,2,Andy
CC-0585,Electivire ex — Destined Rivals · #069/182,NM,1,Andy
CC-0589,Ethan's Ho-oh ex — Destined Rivals · #039/182,NM,1,Andy
CC-0592,Kangaskhan — Destined Rivals · #204/182,NM,11,Andy
CC-0593,Marnie's Grimmsnarl ex — Destined Rivals · #136/182,NM,1,Andy
CC-0595,Rabsca ex — Destined Rivals · #025/182,NM,1,Andy
CC-0596,Regirock ex — Destined Rivals · #214/182,NM,2,Andy
CC-0597,Regirock ex — Destined Rivals · #101/182,NM,1,Andy
CC-0599,Steven's Metagross ex — Destined Rivals · #145/182,NM,1,Andy
CC-0600,Team Rocket's Ariana — Destined Rivals · #224/182,NM,4,Andy
CC-0601,Team Rocket's Crobat ex — Destined Rivals · #122/182,NM,1,Andy
CC-0602,Team Rocket's Crobat ex — Destined Rivals · #217/182,NM,3,Andy
CC-0608,Team Rocket's Moltres ex — Destined Rivals · #031/182,NM,1,Andy
CC-0610,Team Rocket's Nidoking ex — Destined Rivals · #119/182,NM,1,Andy
CC-0611,Team Rocket's Orbeetle — Destined Rivals · #198/182,NM,4,Andy
CC-0612,Team Rocket's Persian ex — Destined Rivals · #219/182,NM,5,Andy
CC-0613,Team Rocket's Persian ex — Destined Rivals · #150/182,NM,1,Andy
CC-0615,Team Rocket's Proton — Destined Rivals · #227/182,NM,3,Andy
CC-0617,Yanmega ex — Destined Rivals · #003/182,NM,1,Andy
CC-0618,Zamazenta — Destined Rivals · #201/182,NM,6,Andy
CC-0625,M Charizard EX — Evolutions · #13/108,NM,43,Andy
CC-0627,Mew — Evolutions · #53/108,NM,32,Andy
CC-0630,Mewtwo EX (Full Art) — Evolutions · #103/108,NM,44,Andy
CC-0634,Espeon VMAX — Evolving Skies · #065/203,NM,15,Andy
CC-0635,Garbodor V — Evolving Skies · #100/203,NM,2,Andy
CC-0636,Glaceon VMAX — Evolving Skies · #041/203,NM,9,Andy
CC-0637,Golurk V — Evolving Skies · #070/203,NM,1,Andy
CC-0639,Lycanroc V — Evolving Skies · #091/203,NM,1,Andy
CC-0641,Rayquaza V — Evolving Skies · #110/203,NM,3,Andy
CC-0642,Rayquaza VMAX — Evolving Skies · #111/203,NM,16,Andy
CC-0643,Sylveon V — Evolving Skies · #074/203,NM,7,Andy
CC-0644,Umbreon V — Evolving Skies · #094/203,NM,11,Andy
CC-0647,Flygon (15) — EX Dragon · #15,MP,2,Andy
CC-0648,Swellow — EX Dragon · #45,NM,15,Andy
CC-0662,Team Magma's Rhyhorn (38) — EX Team Magma vs Team Aqua · #38,MP,3,Andy
CC-0663,Koffing — EX Team Rocket Returns · #61,NM,2,Andy
CC-0667,Umbreon EX — Fates Collide · #55,LP,67,Andy
CC-0668,Kangaskhan EX — Flashfire · #78,HP,2,Andy
CC-0670,Ekans — Fossil · #46,LP,2,Andy
CC-0671,Graveler — Fossil · #37,LP,4,Andy
CC-0672,Haunter — Fossil · #6,MP,37,Andy
CC-0673,Kabuto — Fossil · #50,MP,13,Andy
CC-0675,Moltres (27) — Fossil · #27,HP,17,Andy
CC-0676,Muk (13) — Fossil · #13,LP,9,Andy
CC-0677,Psyduck — Fossil · #53,NM,13,Andy
CC-0678,Psyduck — Fossil · #53,NM,13,Andy
CC-0680,Appletun V — Fusion Strike · #026/264,NM,2,Andy
CC-0683,Crabominable V — Fusion Strike · #076/264,NM,1,Andy
CC-0684,Gengar V — Fusion Strike · #156/264,NM,12,Andy
CC-0686,Greedent V — Fusion Strike · #217/264,NM,1,Andy
CC-0695,Golem — Generations · #45,NM,3,Andy
CC-0700,Flareon EX — Generations: Radiant Collection · #RC6,PSA 9,245,Andy
CC-0702,M Gardevoir EX (Full Art) — Generations: Radiant Collection · #RC31,MP,78,Andy
CC-0705,Blaine's Growlithe — Gym Challenge · #62,NM,13,Andy
CC-0708,Lt. Surge's Pikachu — Gym Challenge · #84,NM,26,Andy
CC-0714,Sabrina's Haunter — Gym Heroes · #58,LP,52,Andy
CC-0723,Alcremie ex — Journey Together · #075/159,NM,1,Andy
CC-0725,Blaziken ex — Journey Together · #024/159,NM,2,Andy
CC-0726,Iono's Bellibolt ex — Journey Together · #053/159,NM,1,Andy
CC-0728,Iris's Fighting Spirit — Journey Together · #180/159,NM,2,Andy
CC-0734,N's Reshiram — Journey Together · #167/159,NM,21,Andy
CC-0735,Paldean Clodsire ex — Journey Together · #094/159,NM,1,Andy
CC-0736,Salamence ex — Journey Together · #114/159,NM,1,Andy
CC-0737,Salamence ex — Journey Together · #177/159,NM,3,Andy
CC-0738,Volcanion ex — Journey Together · #031/159,NM,1,Andy
CC-0742,Butterfree — Jungle · #33,LP,14,Andy
CC-0743,Clefable — Jungle · #1,MP,27,Andy
CC-0744,Cubone — Jungle · #50,NM,15,Andy
CC-0745,Eevee — Jungle · #51,NM,15,Andy
CC-0747,Kangaskhan — Jungle · #5,LP,16,Andy
CC-0748,Marowak — Jungle · #39,LP,10,Andy
CC-0749,Nidoran F — Jungle · #57,NM,3,Andy
CC-0751,Scyther — Jungle · #10,MP,40,Andy
CC-0752,Vaporeon — Jungle · #28,MP,27,Andy
CC-0753,Vaporeon — Jungle · #12,MP,36,Andy
CC-0754,Venomoth — Jungle · #13,MP,27,Andy
CC-0755,Venomoth — Jungle · #13,NM,38,Andy
CC-0757,Butterfree — Legendary Collection · #21,NM,10,Andy
CC-0766,Kirlia — Legendary Treasures: Radiant Collections · #RC9,NM,7,Andy
CC-0770,Ralts — Legendary Treasures: Radiant Collections · #RC8,NM,9,Andy
CC-0773,Delphox V — Lost Origin · #027/196,NM,1,Andy
CC-0775,Drapion V (Full Art) — Lost Origin · #182/196,NM,2,Andy
CC-0777,Giratina V — Lost Origin · #130/196,NM,3,Andy
CC-0780,Hisuian Goodra VSTAR — Lost Origin · #136/196,NM,2,Andy
CC-0783,Hisuian Zoroark VSTAR — Lost Origin · #147/196,NM,2,Andy
CC-0784,Kyurem V — Lost Origin · #048/196,NM,1,Andy
CC-0785,Lost Vacuum (Secret) — Lost Origin · #217/196,NM,2,Andy
CC-0786,Pidgeot V (Full Art) — Lost Origin · #188/196,NM,3,Andy
CC-0788,Radiant Steelix — Lost Origin · #124/196,NM,2,Andy
CC-0789,Rotom V — Lost Origin · #058/196,NM,1,Andy
CC-0792,Hisuian Arcanine — Lost Origin Trainer Gallery · #TG08/TG30,NM,6,Andy
CC-0794,Pikachu — Lost Origin Trainer Gallery · #TG05/TG30,NM,47,Andy
CC-0795,Roserade — Lost Origin Trainer Gallery · #TG02/TG30,NM,4,Andy
CC-0797,Cresselia — Majestic Dawn · #2,LP,12,Andy
CC-0802,Dragonite — McDonald's Promos 2024 · #012/015,NM,7,Andy
CC-0820,Canari — MEGA Dream ex · #219/193,NM,5,Andy
CC-0916,Mega Charizard X ex — MEGA Dream ex · #223/193,NM,31,Andy
CC-0920,Mega Froslass ex — MEGA Dream ex · #036/193,NM,1,Andy
CC-1027,Tool Scrapper — MEGA Dream ex · #151/193,NM,1,Andy
CC-1035,Clawitzer — Mega Evolution · #141/132,NM,3,Andy
CC-1037,Gumshoos — Mega Evolution · #153/132,NM,3,Andy
CC-1042,Ivysaur — Mega Evolution · #134/132,NM,20,Andy
CC-1046,Mega Abomasnow ex — Mega Evolution · #157/132,NM,2,Andy
CC-1047,Mega Abomasnow ex — Mega Evolution · #036/132,NM,1,Andy
CC-1048,Mega Absol ex — Mega Evolution · #086/132,NM,1,Andy
CC-1049,Mega Camerupt ex — Mega Evolution · #022/132,NM,1,Andy
CC-1052,Mega Kangaskhan ex — Mega Evolution · #104/132,NM,2,Andy
CC-1054,Mega Latias ex — Mega Evolution · #100/132,NM,1,Andy
CC-1057,Mega Manectric ex — Mega Evolution · #050/132,NM,1,Andy
CC-1058,Mega Mawile ex — Mega Evolution · #094/132,NM,1,Andy
CC-1059,Mega Signal — Mega Evolution · #171/132,NM,2,Andy
CC-1061,Mystery Garden — Mega Evolution · #172/132,NM,1,Andy
CC-1063,Premium Power Pro — Mega Evolution · #174/132,NM,2,Andy
CC-1070,Vulpix — Mega Evolution · #138/132,NM,21,Andy
CC-1071,Wally's Compassion — Mega Evolution · #176/132,NM,3,Andy
CC-1079,Mega Latias ex — Mega Evolution Promos · #011,NM,1,Andy
CC-1080,Mega Lucario ex — Mega Evolution Promos · #012,NM,2,Andy
CC-1082,Mega Venusaur ex — Mega Evolution Promos · #013,NM,1,Andy
CC-1083,Mega Zygarde ex — Mega Evolution Promos · #071,NM,1,Andy
CC-1084,N's Zekrom — Mega Evolution Promos · #031,NM,7,Andy
CC-1092,Abra (Cosmos Holo) — Miscellaneous Cards & Products · #063/165,NM,1,Andy
CC-1095,Chien-Pao ex (Holiday Calendar) — Miscellaneous Cards & Products · #061/193,NM,2,Andy
CC-1096,Eiscue ex (Holiday Calendar) — Miscellaneous Cards & Products · #042/197,NM,2,Andy
CC-1098,Kadabra (Cosmos Holo) — Miscellaneous Cards & Products · #064/165,NM,1,Andy
CC-1105,Pikachu (Cosmo Holo) — Miscellaneous Cards & Products · #051/162,NM,4,Andy
CC-1118,Tyranitar (31) — Neo Discovery · #31,HP,48,Andy
CC-1119,Elekid — Neo Genesis · #22,LP,19,Andy
CC-1120,Togetic — Neo Genesis · #16,MP,31,Andy
CC-1121,Piloswine — Neo Revelation · #36,MP,3,Andy
CC-1139,Victini (14) — Noble Victories · #14,NM,14,Andy
CC-1140,Basic Fire Energy — Obsidian Flames · #230/197,NM,4,Andy
CC-1141,Charizard ex — Obsidian Flames · #125/197,NM,6,Andy
CC-1142,Clefable ex — Obsidian Flames · #082/197,NM,2,Andy
CC-1144,Dragonite ex — Obsidian Flames · #159/197,NM,4,Andy
CC-1145,Greedent ex — Obsidian Flames · #179/197,NM,1,Andy
CC-1147,Houndour — Obsidian Flames · #204/197,NM,12,Andy
CC-1148,Koraidon ex — Obsidian Flames · #124/197,NM,1,Andy
CC-1149,Larvitar — Obsidian Flames · #203/197,NM,7,Andy
CC-1151,Miraidon ex — Obsidian Flames · #079/197,NM,2,Andy
CC-1152,Ninetales — Obsidian Flames · #199/197,NM,42,Andy
CC-1153,Obsidian Flames Elite Trainer Box — Obsidian Flames,UO,287,Andy
CC-1154,Pidgeot ex — Obsidian Flames · #164/197,NM,2,Andy
CC-1156,Pidgey — Obsidian Flames · #207/197,NM,16,Andy
CC-1157,Poppy — Obsidian Flames · #227/197,NM,4,Andy
CC-1159,Toedscruel ex — Obsidian Flames · #022/197,NM,1,Andy
CC-1160,Dedenne ex — Paldea Evolved · #093/193,NM,2,Andy
CC-1161,Dendra — Paldea Evolved · #266/193,NM,10,Andy
CC-1162,Eiscue — Paldea Evolved · #205/193,NM,22,Andy
CC-1163,Fletchinder — Paldea Evolved · #199/193,NM,21,Andy
CC-1166,Paldean Clodsire ex — Paldea Evolved · #130/193,NM,1,Andy
CC-1167,Rabsca — Paldea Evolved · #215/193,NM,7,Andy
CC-1169,Slowking ex — Paldea Evolved · #086/193,NM,1,Andy
CC-1171,Ting-Lu ex — Paldea Evolved · #127/193,NM,1,Andy
CC-1173,Alakazam ex — Paldean Fates · #215/091,NM,8,Andy
CC-1174,Charizard ex — Paldean Fates · #054/091,NM,6,Andy
CC-1175,Chien-Pao — Paldean Fates · #242/091,NM,11,Andy
CC-1176,Clive — Paldean Fates · #227/091,NM,1,Andy
CC-1177,Electrode — Paldean Fates · #134/091,NM,5,Andy
CC-1178,Espathra ex — Paldean Fates · #006/091,NM,1,Andy
CC-1179,Forretress ex — Paldean Fates · #002/091,NM,1,Andy
CC-1180,Gardevoir ex — Paldean Fates · #217/091,NM,8,Andy
CC-1181,Glimmora ex — Paldean Fates · #218/091,NM,2,Andy
CC-1182,Gloom — Paldean Fates · #093/091,NM,5,Andy
CC-1183,Great Tusk ex — Paldean Fates · #053/091,NM,1,Andy
CC-1184,Greedent — Paldean Fates · #206/091,NM,3,Andy
CC-1185,Iron Treads ex — Paldean Fates · #066/091,NM,1,Andy
CC-1186,Jigglypuff — Paldean Fates · #198/091,NM,26,Andy
CC-1187,Judge — Paldean Fates · #228/091,NM,1,Andy
CC-1192,Nacli — Paldean Fates · #176/091,NM,3,Andy
CC-1193,Naclstack — Paldean Fates · #177/091,NM,3,Andy
CC-1194,Nemona — Paldean Fates · #229/091,NM,1,Andy
CC-1196,Palafin — Paldean Fates · #225/091,NM,3,Andy
CC-1197,Paldean Clodsire ex — Paldean Fates · #059/091,NM,1,Andy
CC-1198,Paldean Student — Paldean Fates · #230/091,NM,1,Andy
CC-1199,Paldean Student — Paldean Fates · #231/091,NM,1,Andy
CC-1200,Paldean Tauros — Paldean Fates · #172/091,NM,4,Andy
CC-1203,Pawmo — Paldean Fates · #143/091,NM,6,Andy
CC-1204,Spiritomb — Paldean Fates · #158/091,NM,7,Andy
CC-1205,Weavile — Paldean Fates · #183/091,NM,4,Andy
CC-1206,Wigglytuff ex — Paldean Fates · #222/091,NM,3,Andy
CC-1209,Bombirdier ex — Paradox Rift · #156/182,NM,1,Andy
CC-1210,Froslass ex — Paradox Rift · #003/182,NM,1,Andy
CC-1211,Garchomp ex — Paradox Rift · #038/182,NM,2,Andy
CC-1212,Golisopod ex — Paradox Rift · #050/182,NM,1,Andy
CC-1213,Hoopa ex — Paradox Rift · #098/182,NM,1,Andy
CC-1214,Iron Valiant ex — Paradox Rift · #089/182,NM,1,Andy
CC-1215,Mewtwo ex — Paradox Rift · #058/182,NM,3,Andy
CC-1216,Reversal Energy — Paradox Rift · #266/182,NM,3,Andy
CC-1217,Roaring Moon ex — Paradox Rift · #124/182,NM,1,Andy
CC-1218,Skeledirge ex — Paradox Rift · #137/182,NM,1,Andy
CC-1219,Aurorus — Perfect Order · #092/088,NM,3,Andy
CC-1221,Decidueye ex — Perfect Order · #012/088,NM,1,Andy
CC-1222,Drapion — Perfect Order · #097/088,NM,2,Andy
CC-1223,Energy Recycler — Perfect Order · #108/088,NM,2,Andy
CC-1227,Jacinthe — Perfect Order · #110/088,NM,3,Andy
CC-1229,Lapras ex — Perfect Order · #022/088,NM,1,Andy
CC-1230,Mega Clefable ex — Perfect Order · #031/088,NM,1,Andy
CC-1232,Mega Skarmory ex — Perfect Order · #055/088,NM,1,Andy
CC-1233,Mega Starmie ex — Perfect Order · #118/088,NM,41,Andy
CC-1234,Mega Zygarde ex — Perfect Order · #124/088,NM,121,Andy
CC-1235,Mega Zygarde ex — Perfect Order · #047/088,NM,1,Andy
CC-1236,Meowth ex — Perfect Order · #062/088,NM,2,Andy
CC-1237,Naveen — Perfect Order · #112/088,NM,2,Andy
CC-1243,Raticate — Perfect Order · #099/088,NM,2,Andy
CC-1247,Salazzle ex — Perfect Order · #016/088,NM,1,Andy
CC-1251,Yveltal ex — Perfect Order · #053/088,NM,1,Andy
CC-1252,Battle Cage — Phantasmal Flames · #116/094,NM,2,Andy
CC-1254,Empoleon ex — Phantasmal Flames · #070/094,NM,1,Andy
CC-1255,Firebreather — Phantasmal Flames · #119/094,NM,1,Andy
CC-1256,Grimsley's Move — Phantasmal Flames · #120/094,NM,2,Andy
CC-1257,Mega Charizard X ex — Phantasmal Flames · #013/094,NM,5,Andy
CC-1258,Mega Diancie ex — Phantasmal Flames · #041/094,NM,1,Andy
CC-1260,Mega Heracross ex — Phantasmal Flames · #004/094,NM,1,Andy
CC-1261,Mega Lopunny ex — Phantasmal Flames · #084/094,NM,1,Andy
CC-1262,Mega Sharpedo ex — Phantasmal Flames · #113/094,NM,3,Andy
CC-1264,Nymble — Phantasmal Flames · #096/094,NM,2,Andy
CC-1265,Oricorio ex — Phantasmal Flames · #018/094,NM,1,Andy
CC-1269,Rotom ex — Phantasmal Flames · #029/094,NM,1,Andy
CC-1270,Toxtricity — Phantasmal Flames · #103/094,NM,3,Andy
CC-1301,Bulbasaur (JP) — Pokemon 151 · #166/165,PSA 10,76,Andy
CC-1558,Psyduck (JP) — Pokemon 151 · #175/165,PSA 10,89,Andy
CC-1623,Venusaur ex (JP) — Pokemon 151 · #200/165,PSA 10,198,Andy
CC-1651,Mewtwo V — Pokemon Go · #030/078,NM,7,Andy
CC-1656,Torchic (Omega) — Primal Clash · #26,NM,4,Andy
CC-1657,Wailord EX (147 Full Art) — Primal Clash · #147,NM,59,Andy
CC-1659,Amarys — Prismatic Evolutions · #132/131,NM,1,Andy
CC-1660,Binding Mochi (Poke Ball Pattern) — Prismatic Evolutions · #095/131,NM,1,Andy
CC-1661,Black Belt's Training (Poke Ball Pattern) — Prismatic Evolutions · #099/131,NM,1,Andy
CC-1662,Carmine (Poke Ball Pattern) — Prismatic Evolutions · #103/131,NM,1,Andy
CC-1664,Duskull (Poke Ball Pattern) — Prismatic Evolutions · #035/131,NM,1,Andy
CC-1667,Hearthflame Mask Ogerpon ex — Prismatic Evolutions · #017/131,NM,1,Andy
CC-1670,Kieran (Poke Ball Pattern) — Prismatic Evolutions · #113/131,NM,1,Andy
CC-1671,Lugia ex — Prismatic Evolutions · #082/131,NM,2,Andy
CC-1674,Roto (Poke Ball Pattern) — Prismatic Evolutions · #127/131,NM,1,Andy
CC-1675,Scoop Up Cyclone — Prismatic Evolutions · #128/131,NM,1,Andy
CC-1677,Slowking (Poke Ball Pattern) — Prismatic Evolutions · #019/131,NM,1,Andy
CC-1678,Treasure Tracker — Prismatic Evolutions · #131/131,NM,1,Andy
CC-1692,Arcanine ex — Scarlet & Violet Base Set · #032/198,NM,2,Andy
CC-1693,Banette ex — Scarlet & Violet Base Set · #229/198,NM,3,Andy
CC-1694,Fighting Energy — Scarlet & Violet Base Set · #258/198,NM,7,Andy
CC-1701,Koraidon ex — Scarlet & Violet Base Set · #254/198,NM,7,Andy
CC-1702,Miraidon ex — Scarlet & Violet Base Set · #081/198,NM,1,Andy
CC-1704,Professor's Research (Professor Sada) — Scarlet & Violet Base Set · #240/198,NM,3,Andy
CC-1709,Scovillain — Scarlet & Violet Base Set · #202/198,NM,7,Andy
CC-1710,Alakazam ex — Scarlet & Violet Promo · #050,NM,1,Andy
CC-1712,Bellibolt — Scarlet & Violet Promo · #094,NM,1,Andy
CC-1718,Flareon (Cosmos Holo) — Scarlet & Violet Promo · #167,NM,1,Andy
CC-1719,Greninja ex — Scarlet & Violet Promo · #132,NM,126,Andy
CC-1722,Houndstone ex — Scarlet & Violet Promo · #162,NM,1,Andy
CC-1723,Iron Thorns — Scarlet & Violet Promo · #098,NM,3,Andy
CC-1724,Jolteon - 169 (Cosmos Holo) — Scarlet & Violet Promo · #169,NM,1,Andy
CC-1725,Kingambit — Scarlet & Violet Promo · #130,NM,5,Andy
CC-1728,Latias (Cosmo Holo) — Scarlet & Violet Promo · #139,NM,4,Andy
CC-1731,Meowscarada ex — Scarlet & Violet Promo · #033,NM,2,Andy
CC-1732,Mew ex — Scarlet & Violet Promo · #053,NM,77,Andy
CC-1733,Mewtwo — Scarlet & Violet Promo · #052,NM,49,Andy
CC-1735,Noctowl — Scarlet & Violet Promo · #141,NM,4,Andy
CC-1739,Pawmi Cosmos Holo — Scarlet & Violet Promo · #040,NM,1,Andy
CC-1740,Quaquaval ex — Scarlet & Violet Promo · #084,NM,3,Andy
CC-1742,Quaxwell — Scarlet & Violet Promo · #083,NM,2,Andy
CC-1744,Roaring Moon ex — Scarlet & Violet Promo · #067,NM,1,Andy
CC-1747,Team Rocket's Mewtwo ex — Scarlet & Violet Promo · #205,NM,3,Andy
CC-1748,Team Rocket's Wobbuffet — Scarlet & Violet Promo · #203,NM,6,Andy
CC-1749,Terapagos ex — Scarlet & Violet Promo · #165,NM,5,Andy
CC-1750,Thundurus - 209 — Scarlet & Violet Promo · #209,NM,2,Andy
CC-1752,Vaporeon (Cosmos Holo) — Scarlet & Violet Promo · #168,NM,2,Andy
CC-1765,Alcremie V (Full Art) — Shining Fates · #064/072,NM,8,Andy
CC-1766,Rose (Full Art) — Shining Fates · #071/072,NM,2,Andy
CC-1768,Ditto V — Shining Fates: Shiny Vault · #SV118/SV122,NM,10,Andy
CC-1769,Ditto VMAX — Shining Fates: Shiny Vault · #SV119/SV122,NM,14,Andy
CC-1770,Falinks — Shining Fates: Shiny Vault · #SV074/SV122,NM,2,Andy
CC-1771,Galarian Sirfetch'd — Shining Fates: Shiny Vault · #SV064/SV122,NM,2,Andy
CC-1772,Grimmsnarl VMAX — Shining Fates: Shiny Vault · #SV117/SV122,NM,4,Andy
CC-1773,Lapras V — Shining Fates: Shiny Vault · #SV110/SV122,NM,4,Andy
CC-1774,Silicobra — Shining Fates: Shiny Vault · #SV070/SV122,NM,2,Andy
CC-1787,Fezandipiti ex — Shrouded Fable · #038/064,NM,4,Andy
CC-1788,Horsea — Shrouded Fable · #067/064,NM,54,Andy
CC-1789,Munkidori — Shrouded Fable · #072/064,NM,32,Andy
CC-1790,Munkidori ex — Shrouded Fable · #083/064,NM,3,Andy
CC-1791,Neutralization Zone — Shrouded Fable · #060/064,NM,2,Andy
CC-1792,Okidogi ex — Shrouded Fable · #082/064,NM,3,Andy
CC-1794,Poke Vital A — Shrouded Fable · #062/064,NM,1,Andy
CC-1796,Chesnaught V — Silver Tempest · #015/195,NM,1,Andy
CC-1799,Gym Trainer (Full Art) — Silver Tempest · #191/195,NM,2,Andy
CC-1802,Lugia V — Silver Tempest · #138/195,NM,15,Andy
CC-1804,Radiant Alakazam — Silver Tempest · #059/195,NM,2,Andy
CC-1805,Radiant Tsareena — Silver Tempest · #016/195,NM,1,Andy
CC-1806,Regidrago V — Silver Tempest · #135/195,NM,1,Andy
CC-1807,Regieleki VMAX — Silver Tempest · #058/195,NM,2,Andy
CC-1809,Skuntank V — Silver Tempest · #108/195,NM,1,Andy
CC-1810,Ursaluna V — Silver Tempest · #102/195,NM,1,Andy
CC-1811,Worker (Full Art) — Silver Tempest · #195/195,NM,3,Andy
CC-1812,Altaria — Silver Tempest Trainer Gallery · #TG11/TG30,NM,7,Andy
CC-1813,Braixen — Silver Tempest Trainer Gallery · #TG01/TG30,NM,6,Andy
CC-1814,Corviknight VMAX — Silver Tempest Trainer Gallery · #TG19/TG30,NM,11,Andy
CC-1815,Flaaffy — Silver Tempest Trainer Gallery · #TG03/TG30,NM,6,Andy
CC-1816,Gardevoir — Silver Tempest Trainer Gallery · #TG05/TG30,NM,8,Andy
CC-1817,Jynx — Silver Tempest Trainer Gallery · #TG04/TG30,NM,4,Andy
CC-1818,Kricketune V — Silver Tempest Trainer Gallery · #TG12/TG30,NM,6,Andy
CC-1819,Mawile V — Silver Tempest Trainer Gallery · #TG17/TG30,NM,13,Andy
CC-1820,Milotic — Silver Tempest Trainer Gallery · #TG02/TG30,NM,8,Andy
CC-1821,Passimian — Silver Tempest Trainer Gallery · #TG08/TG30,NM,2,Andy
CC-1822,Smeargle — Silver Tempest Trainer Gallery · #TG10/TG30,NM,5,Andy
CC-1823,Growlithe — Skyridge · #62,NM,35,Andy
CC-1830,Gardevoir EX (Secret) — Steam Siege · #116,MP,77,Andy
CC-1835,Cinderace ex — Stellar Crown · #028/142,NM,1,Andy
CC-1836,Crabominable — Stellar Crown · #149/142,NM,4,Andy
CC-1840,Galvantula ex — Stellar Crown · #051/142,NM,1,Andy
CC-1841,Galvantula ex — Stellar Crown · #159/142,NM,3,Andy
CC-1842,Grand Tree — Stellar Crown · #136/142,NM,1,Andy
CC-1843,Greninja ex — Stellar Crown · #041/142,NM,2,Andy
CC-1844,Hydrapple ex — Stellar Crown · #014/142,NM,2,Andy
CC-1845,Hydrapple ex — Stellar Crown · #156/142,NM,4,Andy
CC-1847,Lucario ex — Stellar Crown · #082/142,NM,1,Andy
CC-1849,Orthworm ex — Stellar Crown · #162/142,NM,2,Andy
CC-1851,Sparkling Crystal — Stellar Crown · #142/142,NM,1,Andy
CC-1853,Zeraora — Stellar Crown · #151/142,NM,14,Andy
CC-1871,Snorlax GX — Sun & Moon Promo · #SM05,NM,20,Andy
CC-1874,Alolan Exeggutor ex — Surging Sparks · #133/191,NM,1,Andy
CC-1875,Appletun — Surging Sparks · #211/191,NM,9,Andy
CC-1876,Archaludon ex — Surging Sparks · #130/191,NM,1,Andy
CC-1877,Ceruledge — Surging Sparks · #197/191,NM,26,Andy
CC-1878,Cyclizar ex — Surging Sparks · #159/191,NM,1,Andy
CC-1879,Durant ex — Surging Sparks · #004/191,NM,1,Andy
CC-1881,Flygon ex — Surging Sparks · #106/191,NM,1,Andy
CC-1882,Flygon ex — Surging Sparks · #222/191,NM,3,Andy
CC-1883,Kilowattrel ex — Surging Sparks · #068/191,NM,1,Andy
CC-1885,Mesprit — Surging Sparks · #204/191,NM,15,Andy
CC-1889,Scovillain ex — Surging Sparks · #037/191,NM,1,Andy
CC-1890,Scramble Switch — Surging Sparks · #186/191,NM,1,Andy
CC-1891,Skarmory — Surging Sparks · #209/191,NM,9,Andy
CC-1892,Slaking ex — Surging Sparks · #147/191,NM,1,Andy
CC-1893,Slaking ex — Surging Sparks · #227/191,NM,1,Andy
CC-1894,Tatsugiri ex — Surging Sparks · #142/191,NM,1,Andy
CC-1895,151 Booster Bundle — SV: 151,UO,175,Andy
CC-1896,Charizard ex — SV: 151 · #006/165,NM,9,Andy
CC-1897,Gengar — SV: 151 · #094/165,NM,3,Andy
CC-1898,Golem ex — SV: 151 · #189/165,NM,7,Andy
CC-1899,Golem ex — SV: 151 · #076/165,NM,2,Andy
CC-1902,Kangaskhan ex — SV: 151 · #115/165,NM,2,Andy
CC-1903,Mew ex — SV: 151 · #193/165,NM,31,Andy
CC-1905,Ninetales ex — SV: 151 · #038/165,NM,2,Andy
CC-1906,Omanyte — SV: 151 · #180/165,NM,15,Andy
CC-1907,Switch — SV: 151 · #206/165,NM,3,Andy
CC-1910,Alolan Exeggutor V — Sword & Shield Promo · #SWSH225,NM,1,Andy
CC-1911,Boltund V — Sword & Shield Promo · #SWSH085,NM,1,Andy
CC-1912,Boss's Orders (Full Art) — Sword & Shield Promo · #SWSH251,NM,13,Andy
CC-1914,Charmander — Sword & Shield Promo · #SWSH232,NM,17,Andy
CC-1915,Cinderace V — Sword & Shield Promo · #SWSH015,NM,1,Andy
CC-1916,Cramorant V — Sword & Shield Promo · #SWSH086,NM,2,Andy
CC-1917,Crobat V — Sword & Shield Promo · #SWSH098,NM,2,Andy
CC-1919,Eevee — Sword & Shield Promo · #SWSH127,NM,4,Andy
CC-1922,Espeon V — Sword & Shield Promo · #SWSH201,NM,3,Andy
CC-1925,Galarian Slowpoke — Sword & Shield Promo · #SWSH126,NM,8,Andy
CC-1928,Hatterene V — Sword & Shield Promo · #SWSH055,NM,1,Andy
CC-1930,Lucario V — Sword & Shield Promo · #SWSH213,NM,3,Andy
CC-1931,Lucario VSTAR — Sword & Shield Promo · #SWSH291,NM,11,Andy
CC-1932,Lucario VSTAR — Sword & Shield Promo · #SWSH214,NM,3,Andy
CC-1942,Morpeko V-UNION (SWSH287) (Set of 4) — Sword & Shield Promo · #SWSH290,NM,5,Andy
CC-1943,Origin Forme Palkia V — Sword & Shield Promo · #SWSH253,NM,3,Andy
CC-1945,Pikachu V — Sword & Shield Promo · #SWSH140,NM,7,Andy
CC-1946,Pikachu V — Sword & Shield Promo · #SWSH142,NM,9,Andy
CC-1947,Pikachu V — Sword & Shield Promo · #SWSH139,NM,7,Andy
CC-1948,Pikachu V — Sword & Shield Promo · #SWSH141,NM,11,Andy
CC-1956,Umbreon — Sword & Shield Promo · #SWSH129,NM,21,Andy
CC-1961,Vaporeon VMAX — Sword & Shield Promo · #SWSH182,PSA 9,111,Andy
CC-1968,Charmander — Team Rocket · #50,LP,12,Andy
CC-1970,Dark Dragonair — Team Rocket · #33,MP,11,Andy
CC-1972,Dark Flareon — Team Rocket · #35,LP,20,Andy
CC-1974,Dark Muk — Team Rocket · #41,NM,6,Andy
CC-1976,Dark Vaporeon — Team Rocket · #45,LP,20,Andy
CC-1980,Awakening Drum — Temporal Forces · #141/162,NM,1,Andy
CC-1981,Ciphermaniac's Codebreaking — Temporal Forces · #198/162,NM,9,Andy
CC-1983,Gouging Fire ex — Temporal Forces · #038/162,NM,1,Andy
CC-1985,Hero's Cape — Temporal Forces · #152/162,NM,30,Andy
CC-1986,Koraidon ex — Temporal Forces · #120/162,NM,1,Andy
CC-1987,Meltan — Temporal Forces · #179/162,NM,8,Andy
CC-1988,Metagross — Temporal Forces · #178/162,NM,36,Andy
CC-1989,Raging Bolt ex — Temporal Forces · #196/162,NM,4,Andy
CC-1991,Scizor ex — Temporal Forces · #111/162,NM,1,Andy
CC-1992,Torterra ex — Temporal Forces · #012/162,NM,1,Andy
CC-1993,Walking Wake ex — Temporal Forces · #050/162,NM,1,Andy
CC-1994,Wugtrio ex — Temporal Forces · #060/162,NM,1,Andy
CC-2051,Applin — Twilight Masquerade · #185/167,NM,13,Andy
CC-2052,Dragapult ex — Twilight Masquerade · #130/167,NM,2,Andy
CC-2054,Greninja ex — Twilight Masquerade · #106/167,NM,3,Andy
CC-2055,Hassel — Twilight Masquerade · #205/167,NM,2,Andy
CC-2056,Hearthflame Mask Ogerpon ex — Twilight Masquerade · #040/167,NM,1,Andy
CC-2057,Hearthflame Mask Ogerpon ex — Twilight Masquerade · #192/167,NM,3,Andy
CC-2063,Iron Thorns ex — Twilight Masquerade · #077/167,NM,1,Andy
CC-2064,Lana's Aid — Twilight Masquerade · #207/167,NM,9,Andy
CC-2065,Magcargo ex — Twilight Masquerade · #029/167,NM,1,Andy
CC-2067,Sinistcha ex — Twilight Masquerade · #023/167,NM,1,Andy
CC-2068,Teal Mask Ogerpon ex — Twilight Masquerade · #025/167,NM,3,Andy
CC-2069,Twilight Masquerade Elite Trainer Box — Twilight Masquerade,UO,104,Andy
CC-2075,Metagross — Undaunted · #18,MP,11,Andy
CC-2081,Drowzee (JP) — Violet ex · #086/078,NM,20,Andy
CC-2158,Lapras (JP) — VSTAR Universe · #177/172,NM,13,Andy
CC-2178,Mewtwo VSTAR (JP) — VSTAR Universe · #221/172,NM,110,Andy
CC-2211,Bouffalant ex — White Flare · #077/086,NM,1,Andy
CC-2214,Deerling (Poke Ball Pattern) — White Flare · #006/086,NM,1,Andy
CC-2215,Deino — White Flare · #146/086,NM,18,Andy
CC-2217,Dewott — White Flare · #106/086,NM,24,Andy
CC-2219,Durant (Poke Ball Pattern) — White Flare · #070/086,NM,1,Andy
CC-2221,Ferrothorn (Master Ball Pattern) — White Flare · #069/086,NM,1,Andy
CC-2222,Ferrothorn (Poke Ball Pattern) — White Flare · #069/086,NM,1,Andy
CC-2227,Jellicent ex — White Flare · #160/086,NM,2,Andy
CC-2228,Jellicent ex — White Flare · #045/086,NM,1,Andy
CC-2230,Keldeo ex — White Flare · #030/086,NM,1,Andy
CC-2232,Lampent (Poke Ball Pattern) — White Flare · #017/086,NM,1,Andy
CC-2235,Lillipup (Poke Ball Pattern) — White Flare · #074/086,NM,1,Andy
CC-2236,Mandibuzz — White Flare · #145/086,NM,11,Andy
CC-2237,Mienshao (Poke Ball Pattern) — White Flare · #053/086,NM,1,Andy
CC-2238,Purrloin (Poke Ball Pattern) — White Flare · #055/086,NM,1,Andy
CC-2239,Reshiram ex — White Flare · #158/086,NM,4,Andy
CC-2240,Reshiram ex — White Flare · #020/086,NM,1,Andy
CC-2243,Sewaddle (Poke Ball Pattern) — White Flare · #001/086,NM,1,Andy
CC-2245,Shelmet (Poke Ball Pattern) — White Flare · #008/086,NM,1,Andy
CC-2246,Sigilyph (Master Ball Pattern) — White Flare · #038/086,NM,1,Andy
CC-2247,Trubbish (Poke Ball Pattern) — White Flare · #059/086,NM,1,Andy
CC-2249,Whimsicott ex — White Flare · #005/086,NM,1,Andy
CC-2251,Zorua — White Flare · #142/086,LP,39,Andy
CC-2252,Suicune & Entei LEGEND (94)(Ross Cawthon) — World Championship Decks · #94/95,MP,38,Andy
CC-2253,Mew (8) — WoTC Promo · #8,NM,10,Andy
CC-2259,Black Kyurem — XY Promos · #XY80,LP,52,Andy
CC-2261,Groudon EX — XY Promos · #XY42,D,8,Andy
CC-2262,Latias (Full Art Promo) — XY Promos · #XY78,LP,74,Andy
CC-2263,Lucario — XY Promos · #XY140,NM,10,Andy
CC-2266,M Gengar EX — XY Promos · #XY166,D,114,Andy
CC-2268,Lysandre — Ancient Origins · #78,NM,1,Trung
CC-2269,Magikarp — Ancient Origins · #19,NM,4,Trung
CC-2270,Hisuian Samurott VSTAR (Secret) — Astral Radiance · #197/189,NM,9,Trung
CC-2271,Radiant Hawlucha — Astral Radiance · #081/189,NM,1,Trung
CC-2272,Ice Rider Calyrex VMAX (Secret) — Astral Radiance Trainer Gallery · #TG29/TG30,NM,6,Trung
CC-2273,Shadow Rider Calyrex VMAX (Secret) — Astral Radiance Trainer Gallery · #TG30/TG30,NM,4,Trung
CC-2274,Corviknight VMAX (Secret) — Battle Styles · #171/163,NM,13,Trung
CC-2275,Single Strike Urshifu VMAX (Secret) — Battle Styles · #167/163,NM,13,Trung
CC-2277,Machamp — Blister Exclusives · #65/145,NM,1,Trung
CC-2281,Cheren's Care (Secret) — Brilliant Stars · #177/172,NM,3,Trung
CC-2282,Flygon V (Full Art) — Brilliant Stars · #164/172,NM,3,Trung
CC-2283,Galarian Articuno V (Secret) — Brilliant Stars · #181/172,NM,15,Trung
CC-2284,Granbull V (Full Art) — Brilliant Stars · #159/172,NM,2,Trung
CC-2285,Honchkrow V (Full Art) — Brilliant Stars · #161/172,NM,2,Trung
CC-2287,Shaymin V (Full Art) — Brilliant Stars · #152/172,NM,3,Trung
CC-2288,Zamazenta V (Full Art) — Brilliant Stars · #163/172,NM,3,Trung
CC-2291,Rapid Strike Urshifu VMAX (Secret) — Brilliant Stars Trainer Gallery · #TG30/TG30,NM,4,Trung
CC-2292,Single Strike Urshifu VMAX (Secret) — Brilliant Stars Trainer Gallery · #TG29/TG30,NM,5,Trung
CC-2295,Kirlia — Burning Shadows · #92/147,NM,1,Trung
CC-2296,Cosmoem — Celebrations · #014/025,NM,1,Trung
CC-2297,Cosmog — Celebrations · #013/025,NM,1,Trung
CC-2298,Dialga — Celebrations · #020/025,NM,1,Trung
CC-2301,Groudon — Celebrations · #017/025,NM,1,Trung
CC-2302,Ho-oh — Celebrations · #001/025,NM,1,Trung
CC-2303,Kyogre — Celebrations · #003/025,NM,1,Trung
CC-2304,Lugia — Celebrations · #022/025,NM,1,Trung
CC-2305,Lunala — Celebrations · #015/025,NM,1,Trung
CC-2306,Mew — Celebrations · #011/025,NM,4,Trung
CC-2307,Palkia — Celebrations · #004/025,NM,1,Trung
CC-2308,Pikachu — Celebrations · #005/025,NM,6,Trung
CC-2309,Professor's Research — Celebrations · #023/025,NM,1,Trung
CC-2310,Reshiram — Celebrations · #002/025,NM,1,Trung
CC-2311,Solgaleo — Celebrations · #021/025,NM,1,Trung
CC-2314,Xerneas — Celebrations · #012/025,NM,1,Trung
CC-2315,Yveltal — Celebrations · #019/025,NM,1,Trung
CC-2316,Zekrom — Celebrations · #010/025,NM,1,Trung
CC-2319,Galarian Cursola V (Full Art) — Champion's Path · #71/73,NM,2,Trung
CC-2321,Kabu (Secret) — Champion's Path · #77/73,NM,3,Trung
CC-2323,Electrode (Secret) — Chilling Reign · #222/198,NM,17,Trung
CC-2324,Galarian Moltres V — Chilling Reign · #097/198,NM,2,Trung
CC-2326,Galarian Slowking VMAX (Secret) — Chilling Reign · #207/198,NM,12,Trung
CC-2327,Klara (Secret) — Chilling Reign · #217/198,NM,11,Trung
CC-2328,Black Kyurem — Cosmic Eclipse · #61/236,NM,2,Trung
CC-2329,Great Catcher (Secret) — Cosmic Eclipse · #264/236,NM,5,Trung
CC-2331,Kommo — Crimson Invasion · #77/111,NM,2,Trung
CC-2334,Capture Energy (Secret) — Darkness Ablaze · #201/189,NM,3,Trung
CC-2336,Rose (Secret) — Darkness Ablaze · #196/189,NM,4,Trung
CC-2337,Salamence VMAX (Secret) — Darkness Ablaze · #194/189,NM,16,Trung
CC-2338,Kangaskhan (SM Base Set) — Deck Exclusives · #099/149,NM,1,Trung
CC-2339,Electrike — Destined Rivals · #196/182,NM,4,Trung
CC-2340,Charmander — Dragon Majesty · #1,NM,6,Trung
CC-2341,Magikarp — Dragon Majesty · #19,NM,12,Trung
CC-2342,Fire Energy — Evolutions · #92/108,NM,4,Trung
CC-2343,Flying Pikachu — Evolutions · #110/108,NM,11,Trung
CC-2344,Metal Energy — Evolutions · #98/108,NM,4,Trung
CC-2345,Nidoking — Evolutions · #45/108,NM,5,Trung
CC-2346,Psychic Energy — Evolutions · #95/108,NM,4,Trung
CC-2347,Raichu — Evolutions · #36/108,NM,8,Trung
CC-2348,Arctovish V (Full Art) — Evolving Skies · #176/203,NM,4,Trung
CC-2349,Boost Shake (Secret) — Evolving Skies · #229/203,NM,3,Trung
CC-2350,Copycat (Secret) — Evolving Skies · #222/203,NM,5,Trung
CC-2351,Cresselia (Secret) — Evolving Skies · #228/203,NM,13,Trung
CC-2352,Crystal Cave (Secret) — Evolving Skies · #230/203,NM,5,Trung
CC-2353,Dragonite V (Full Art) — Evolving Skies · #191/203,NM,42,Trung
CC-2356,Froslass (Secret) — Evolving Skies · #226/203,NM,11,Trung
CC-2357,Full Face Guard (Secret) — Evolving Skies · #231/203,NM,3,Trung
CC-2358,Garbodor V (Full Art) — Evolving Skies · #190/203,NM,5,Trung
CC-2360,Lightning Energy (Secret) — Evolving Skies · #235/203,NM,9,Trung
CC-2364,Zinnia's Resolve (Secret) — Evolving Skies · #225/203,NM,7,Trung
CC-2365,Bulbasaur — First Partner Pack · #044/102,NM,6,Trung
CC-2366,Charmander — First Partner Pack · #046/102,NM,4,Trung
CC-2367,Chikorita — First Partner Pack · #054/111,NM,2,Trung
CC-2368,Chimchar — First Partner Pack · #076/130,NM,2,Trung
CC-2369,Cyndaquil — First Partner Pack · #057/111,NM,2,Trung
CC-2370,Mudkip — First Partner Pack · #059/109,NM,4,Trung
CC-2371,Oshawott — First Partner Pack · #BW03,NM,2,Trung
CC-2372,Pikachu — First Partner Pack · #058/102,NM,5,Trung
CC-2373,Piplup — First Partner Pack · #093/130,NM,3,Trung
CC-2374,Snivy — First Partner Pack · #BW01,NM,2,Trung
CC-2375,Squirtle — First Partner Pack · #063/102,NM,5,Trung
CC-2376,Tepig — First Partner Pack · #BW02,NM,2,Trung
CC-2377,Torchic — First Partner Pack · #074/109,NM,2,Trung
CC-2378,Totodile — First Partner Pack · #081/111,NM,3,Trung
CC-2379,Treecko — First Partner Pack · #076/109,NM,3,Trung
CC-2380,Turtwig — First Partner Pack · #103/130,NM,2,Trung
CC-2381,Boltund VMAX (Secret) — Fusion Strike · #267/264,NM,8,Trung
CC-2382,Chandelure V (Full Art) — Fusion Strike · #247/264,NM,4,Trung
CC-2383,Fire Energy (Secret) — Fusion Strike · #284/264,NM,8,Trung
CC-2384,Greedent V (Alternate Full Art) — Fusion Strike · #257/264,NM,16,Trung
CC-2386,Schoolboy (Secret) — Fusion Strike · #276/264,NM,4,Trung
CC-2387,Wigglytuff — Fusion Strike · #111/264,NM,4,Trung
CC-2388,Dark Patch (Secret) — Lost Origin · #216/196,NM,3,Trung
CC-2390,Hisuian Goodra VSTAR (Secret) — Lost Origin · #202/196,NM,9,Trung
CC-2391,Lady (Secret) — Lost Origin · #208/196,NM,6,Trung
CC-2392,Snorlax — Lost Origin · #143/196,NM,3,Trung
CC-2397,Ho-oh — Lost Thunder · #160,NM,4,Trung
CC-2398,Marill — Lost Thunder · #135,NM,3,Trung
CC-2399,Smeargle — Lost Thunder · #157,NM,24,Trung
CC-2400,Rowlet — McDonald's Promos 2017 · #1,NM,8,Trung
CC-2401,Drifloon — Mega Evolution Promos · #005,NM,4,Trung
CC-2403,Arven — Paldean Fates · #235/091,NM,10,Trung
CC-2405,Dewgong — Phantasmal Flames · #097/094,NM,5,Trung
CC-2406,Mega Sharpedo ex — Phantasmal Flames · #061/094,NM,1,Trung
CC-2408,Punk Helmet — Phantasmal Flames · #121/094,NM,1,Trung
CC-2409,Conkeldurr V (Full Art) — Pokemon Go · #073/078,NM,2,Trung
CC-2410,Dragonite VSTAR (Secret) — Pokemon Go · #081/078,NM,48,Trung
CC-2411,Melmetal V (Full Art) — Pokemon Go · #075/078,NM,2,Trung
CC-2413,Slaking V (Full Art) — Pokemon Go · #077/078,NM,2,Trung
CC-2414,Spark (Secret) — Pokemon Go · #085/078,NM,9,Trung
CC-2415,Spinarak (Peelable Ditto) — Pokemon Go · #006/078,NM,1,Trung
CC-2416,Bouffalant — Primal Clash · #119,NM,1,Trung
CC-2417,Boltund V (Full Art) — Rebel Clash · #181/192,NM,4,Trung
CC-2418,Eldegoss V (Full Art) — Rebel Clash · #176/192,NM,3,Trung
CC-2419,Galarian Perrserker (Secret) — Rebel Clash · #205/192,NM,11,Trung
CC-2420,Milo (Secret) — Rebel Clash · #201/192,NM,7,Trung
CC-2421,Fidough — Scarlet & Violet Promo · #069,NM,2,Trung
CC-2422,Alcremie VMAX (Secret) — Shining Fates · #073/072,NM,5,Trung
CC-2423,Eternatus V — Shining Fates: Shiny Vault · #SV121/SV122,NM,7,Trung
CC-2424,Eternatus VMAX — Shining Fates: Shiny Vault · #SV122/SV122,NM,7,Trung
CC-2425,Falinks V — Shining Fates: Shiny Vault · #SV115/SV122,NM,2,Trung
CC-2426,Indeedee V — Shining Fates: Shiny Vault · #SV114/SV122,NM,2,Trung
CC-2427,Brandon (Secret) — Silver Tempest · #203/195,NM,7,Trung
CC-2428,Candice (Secret) — Silver Tempest · #204/195,NM,6,Trung
CC-2430,Hisuian Arcanine V (Full Art) — Silver Tempest · #179/195,NM,6,Trung
CC-2432,Serperior VSTAR (Secret) — Silver Tempest · #210/195,NM,6,Trung
CC-2433,V Guard Energy (Secret) — Silver Tempest · #215/195,NM,2,Trung
CC-2434,Wallace (Secret) — Silver Tempest · #208/195,NM,5,Trung
CC-2435,Worker (Full Art) — Silver Tempest · #195/195,NM,3,Trung
CC-2436,Worker (Secret) — Silver Tempest · #209/195,NM,4,Trung
CC-2438,Braixen — Silver Tempest Trainer Gallery · #TG01/TG30,NM,6,Trung
CC-2439,Duraludon VMAX (Secret) — Silver Tempest Trainer Gallery · #TG30/TG30,NM,4,Trung
CC-2444,Alolan Muk — Sun & Moon Base Set · #58,NM,2,Trung
CC-2445,Eevee — Sun & Moon Base Set · #101,NM,3,Trung
CC-2446,Popplio — Sun & Moon Base Set · #39,NM,1,Trung
CC-2448,Braviary — Surging Sparks · #214/191,NM,7,Trung
CC-2449,Basic Psychic Energy — SV: 151 · #207/165,NM,5,Trung
CC-2450,Celebi V — Sword & Shield Base Set · #001/202,NM,2,Trung
CC-2451,Gengar — Sword & Shield Base Set · #085/202,NM,8,Trung
CC-2452,Victini V — Sword & Shield Base Set · #025/202,NM,2,Trung
CC-2453,Zacian V (Full Art) — Sword & Shield Base Set · #195/202,NM,6,Trung
CC-2454,Zamazenta V (Full Art) — Sword & Shield Base Set · #196/202,NM,6,Trung
CC-2455,Boltund V — Sword & Shield Promo · #SWSH085,NM,1,Trung
CC-2456,Bulbasaur — Sword & Shield Promo · #SWSH231,NM,12,Trung
CC-2457,Charizard V — Sword & Shield Promo · #SWSH050,NM,14,Trung
CC-2458,Charmander — Sword & Shield Promo · #SWSH092,NM,4,Trung
CC-2459,Cramorant V — Sword & Shield Promo · #SWSH086,NM,2,Trung
CC-2460,Dark Sylveon V — Sword & Shield Promo · #SWSH134,NM,8,Trung
CC-2462,Deoxys VMAX — Sword & Shield Promo · #SWSH267,NM,6,Trung
CC-2463,Dragapult V — Sword & Shield Promo · #SWSH096,NM,3,Trung
CC-2465,Eevee — Sword & Shield Promo · #SWSH175,NM,9,Trung
CC-2466,Eevee VMAX — Sword & Shield Promo · #SWSH087,NM,4,Trung
CC-2467,Eldegoss V — Sword & Shield Promo · #SWSH084,NM,1,Trung
CC-2469,Eternatus V — Sword & Shield Promo · #SWSH044,NM,3,Trung
CC-2472,Lance's Charizard V — Sword & Shield Promo · #SWSH133,NM,8,Trung
CC-2473,Manaphy — Sword & Shield Promo · #SWSH275,NM,2,Trung
CC-2474,Origin Forme Dialga V — Sword & Shield Promo · #SWSH255,NM,4,Trung
CC-2475,Passimian (Prerelease) — Sword & Shield Promo · #SWSH115,NM,3,Trung
CC-2479,Togetic — Sword & Shield Promo · #SWSH276,NM,3,Trung
CC-2480,Tyranitar V — Sword & Shield Promo · #SWSH109,NM,1,Trung
CC-2482,Alolan Muk — Team Up · #84,NM,3,Trung
CC-2483,Charmander (11) — Team Up · #11,NM,1,Trung
CC-2484,Kabuto — Team Up · #77,NM,1,Trung
CC-2485,Meowth — Team Up · #125,NM,2,Trung
CC-2486,Ciphermaniac's Codebreaking — Temporal Forces · #198/162,NM,9,Trung
CC-2487,Alakazam V (Full Art) — Vivid Voltage · #172/185,NM,5,Trung
CC-2488,Coalossal V (Full Art) — Vivid Voltage · #173/185,NM,3,Trung
CC-2489,Flareon — Vivid Voltage · #026/185,NM,1,Trung
CC-2490,Galarian Obstagoon (Secret) — Vivid Voltage · #198/185,NM,8,Trung
CC-2491,Galarian Sirfetch'd V (Full Art) — Vivid Voltage · #174/185,NM,3,Trung
CC-2492,Orbeetle V (Full Art) — Vivid Voltage · #166/185,NM,2,Trung
CC-2493,Pokemon Center Lady (Full Art) — Vivid Voltage · #185/185,NM,23,Trung
CC-2495,Steelix V (Full Art) — Vivid Voltage · #176/185,NM,5,Trung
CC-2496,Talonflame V (Full Art) — Vivid Voltage · #168/185,NM,4,Trung
CC-2497,Telescopic Sight (Secret) — Vivid Voltage · #203/185,NM,2,Trung
CC-2498,Celebi — XY Promos · #XY93,HP,15,Trung
CC-2503,Origin Forme Dialga V — Astral Radiance · #113/189,NM,2,Andy
CC-2514,Excadrill ex — Black Bolt · #046/086,NM,1,Andy
CC-2515,Excadrill ex — Black Bolt · #046/086,NM,1,Andy
CC-2535,Gardevoir V (Full Art) — Champion's Path · #70/73,NM,5,Andy
CC-2536,Beedrill ex — Chaos Rising · #003/086,NM,1,Andy
CC-2540,Cobalion ex — Chaos Rising · #064/086,NM,1,Andy
CC-2542,Gourgeist ex — Chaos Rising · #041/086,NM,1,Andy
CC-2543,Mega Dragalge ex — Chaos Rising · #065/086,NM,1,Andy
CC-2545,Mega Floette ex — Chaos Rising · #035/086,NM,1,Andy
CC-2546,Mega Floette ex — Chaos Rising · #035/086,NM,1,Andy
CC-2547,Mega Floette ex — Chaos Rising · #035/086,NM,1,Andy
CC-2549,Metang — Chaos Rising · #094/086,NM,2,Andy
CC-2550,Roxie's Performance — Chaos Rising · #112/086,NM,2,Andy
CC-2557,Duraludon VMAX — Crown Zenith · #104/159,NM,2,Andy
CC-2577,Comfey — Crown Zenith: Galarian Gallery · #GG14/GG70,NM,3,Andy
CC-2591,Mew V — Darkness Ablaze · #069/189,NM,7,Andy
CC-2593,Arboliva ex — Destined Rivals · #023/182,NM,1,Andy
CC-2594,Arboliva ex — Destined Rivals · #023/182,NM,1,Andy
CC-2595,Arboliva ex — Destined Rivals · #023/182,NM,1,Andy
CC-2597,Arven's Mabosstiff ex — Destined Rivals · #139/182,NM,1,Andy
CC-2598,Arven's Mabosstiff ex — Destined Rivals · #139/182,NM,1,Andy
CC-2599,Arven's Mabosstiff ex — Destined Rivals · #218/182,NM,2,Andy
CC-2600,Cetitan ex — Destined Rivals · #065/182,NM,1,Andy
CC-2607,Ethan's Ho-oh ex — Destined Rivals · #039/182,NM,1,Andy
CC-2611,Regirock ex — Destined Rivals · #214/182,NM,2,Andy
CC-2612,Team Rocket's Crobat ex — Destined Rivals · #122/182,NM,1,Andy
CC-2614,Team Rocket's Moltres ex — Destined Rivals · #031/182,NM,1,Andy
CC-2615,Team Rocket's Nidoking ex — Destined Rivals · #119/182,NM,1,Andy
CC-2616,Team Rocket's Proton — Destined Rivals · #227/182,NM,3,Andy
CC-2626,Espeon VMAX — Evolving Skies · #065/203,NM,15,Andy
CC-2627,Golurk V — Evolving Skies · #070/203,NM,1,Andy
CC-2649,Salamence ex — Journey Together · #114/159,NM,1,Andy
CC-2650,Salamence ex — Journey Together · #177/159,NM,3,Andy
CC-2651,Butterfree — Jungle · #33,LP,14,Andy
CC-2655,Giratina V — Lost Origin · #130/196,NM,3,Andy
CC-2656,Giratina V — Lost Origin · #130/196,NM,3,Andy
CC-2660,Lost Vacuum (Secret) — Lost Origin · #217/196,NM,2,Andy
CC-2685,Mega Abomasnow ex — Mega Evolution · #036/132,NM,1,Andy
CC-2686,Mega Abomasnow ex — Mega Evolution · #036/132,NM,1,Andy
CC-2687,Mega Absol ex — Mega Evolution · #086/132,NM,1,Andy
CC-2688,Mega Absol ex — Mega Evolution · #086/132,NM,1,Andy
CC-2689,Mega Camerupt ex — Mega Evolution · #022/132,NM,1,Andy
CC-2690,Mega Camerupt ex — Mega Evolution · #022/132,NM,1,Andy
CC-2691,Mega Mawile ex — Mega Evolution · #094/132,NM,1,Andy
CC-2692,Mega Mawile ex — Mega Evolution · #094/132,NM,1,Andy
CC-2694,Mega Latias ex — Mega Evolution Promos · #011,NM,1,Andy
CC-2695,Mega Latias ex — Mega Evolution Promos · #011,NM,1,Andy
CC-2696,Mega Latias ex — Mega Evolution Promos · #011,NM,1,Andy
CC-2698,Mega Venusaur ex — Mega Evolution Promos · #013,NM,1,Andy
CC-2701,Abra (Cosmos Holo) — Miscellaneous Cards & Products · #063/165,NM,1,Andy
CC-2703,Kadabra (Cosmos Holo) — Miscellaneous Cards & Products · #064/165,NM,1,Andy
CC-2719,Greedent ex — Obsidian Flames · #179/197,NM,1,Andy
CC-2724,Charizard ex — Paldean Fates · #054/091,NM,6,Andy
CC-2726,Espathra ex — Paldean Fates · #006/091,NM,1,Andy
CC-2727,Espathra ex — Paldean Fates · #006/091,NM,1,Andy
CC-2728,Glimmora ex — Paldean Fates · #218/091,NM,2,Andy
CC-2729,Gloom — Paldean Fates · #093/091,NM,5,Andy
CC-2730,Iron Treads ex — Paldean Fates · #066/091,NM,1,Andy
CC-2731,Iron Treads ex — Paldean Fates · #066/091,NM,1,Andy
CC-2732,Paldean Clodsire ex — Paldean Fates · #059/091,NM,1,Andy
CC-2733,Wigglytuff ex — Paldean Fates · #222/091,NM,3,Andy
CC-2736,Garchomp ex — Paradox Rift · #038/182,NM,2,Andy
CC-2737,Golisopod ex — Paradox Rift · #050/182,NM,1,Andy
CC-2738,Hoopa ex — Paradox Rift · #098/182,NM,1,Andy
CC-2742,Decidueye ex — Perfect Order · #012/088,NM,1,Andy
CC-2743,Decidueye ex — Perfect Order · #012/088,NM,1,Andy
CC-2744,Drapion — Perfect Order · #097/088,NM,2,Andy
CC-2747,Lapras ex — Perfect Order · #022/088,NM,1,Andy
CC-2748,Mega Clefable ex — Perfect Order · #031/088,NM,1,Andy
CC-2749,Mega Clefable ex — Perfect Order · #031/088,NM,1,Andy
CC-2750,Mega Clefable ex — Perfect Order · #031/088,NM,1,Andy
CC-2754,Naveen — Perfect Order · #112/088,NM,2,Andy
CC-2769,Salazzle ex — Perfect Order · #016/088,NM,1,Andy
CC-2770,Salazzle ex — Perfect Order · #016/088,NM,1,Andy
CC-2771,Salazzle ex — Perfect Order · #016/088,NM,1,Andy
CC-2773,Mega Sharpedo ex — Phantasmal Flames · #113/094,NM,3,Andy
CC-2775,Rotom ex — Phantasmal Flames · #029/094,NM,1,Andy
CC-2876,Treasure Tracker — Prismatic Evolutions · #131/131,NM,1,Andy
CC-2885,Alakazam ex — Scarlet & Violet Promo · #050,NM,1,Andy
CC-2895,Kingambit — Scarlet & Violet Promo · #130,NM,5,Andy
CC-2899,Noctowl — Scarlet & Violet Promo · #141,NM,4,Andy
CC-2905,Team Rocket's Mewtwo ex — Scarlet & Violet Promo · #205,NM,3,Andy
CC-2906,Team Rocket's Mewtwo ex — Scarlet & Violet Promo · #205,NM,3,Andy
CC-2912,Neutralization Zone — Shrouded Fable · #060/064,NM,2,Andy
CC-2913,Neutralization Zone — Shrouded Fable · #060/064,NM,2,Andy
CC-2916,Lugia V — Silver Tempest · #138/195,NM,15,Andy
CC-2918,Radiant Alakazam — Silver Tempest · #059/195,NM,2,Andy
CC-2919,Radiant Tsareena — Silver Tempest · #016/195,NM,1,Andy
CC-2920,Radiant Tsareena — Silver Tempest · #016/195,NM,1,Andy
CC-2924,Galvantula ex — Stellar Crown · #051/142,NM,1,Andy
CC-2925,Grand Tree — Stellar Crown · #136/142,NM,1,Andy
CC-2926,Hydrapple ex — Stellar Crown · #014/142,NM,2,Andy
CC-2927,Hydrapple ex — Stellar Crown · #014/142,NM,2,Andy
CC-2928,Hydrapple ex — Stellar Crown · #156/142,NM,4,Andy
CC-2930,Lucario ex — Stellar Crown · #082/142,NM,1,Andy
CC-2933,Sparkling Crystal — Stellar Crown · #142/142,NM,1,Andy
CC-2943,Flygon ex — Surging Sparks · #106/191,NM,1,Andy
CC-2944,Slaking ex — Surging Sparks · #227/191,NM,1,Andy
CC-2948,Kangaskhan ex — SV: 151 · #115/165,NM,2,Andy
CC-2950,Boss's Orders (Full Art) — Sword & Shield Promo · #SWSH251,NM,13,Andy
CC-2951,Boss's Orders (Full Art) — Sword & Shield Promo · #SWSH251,NM,13,Andy
CC-2952,Eevee — Sword & Shield Promo · #SWSH127,NM,4,Andy
CC-2953,Galarian Slowpoke — Sword & Shield Promo · #SWSH126,NM,8,Andy
CC-2954,Galarian Slowpoke — Sword & Shield Promo · #SWSH126,NM,8,Andy
CC-2957,Lucario V — Sword & Shield Promo · #SWSH213,NM,3,Andy
CC-2958,Lucario VSTAR — Sword & Shield Promo · #SWSH291,NM,11,Andy
CC-2968,Umbreon — Sword & Shield Promo · #SWSH129,NM,21,Andy
CC-2973,Hero's Cape — Temporal Forces · #152/162,NM,30,Andy
CC-2974,Hero's Cape — Temporal Forces · #152/162,NM,30,Andy
CC-2975,Raging Bolt ex — Temporal Forces · #196/162,NM,4,Andy
CC-3016,Hearthflame Mask Ogerpon ex — Twilight Masquerade · #040/167,NM,1,Andy
CC-3017,Hearthflame Mask Ogerpon ex — Twilight Masquerade · #040/167,NM,1,Andy
CC-3021,Magcargo ex — Twilight Masquerade · #029/167,NM,1,Andy
CC-3039,Lapras (JP) — VSTAR Universe · #177/172,NM,13,Andy
CC-3048,Keldeo ex — White Flare · #030/086,NM,1,Andy
CC-3050,Lillipup (Poke Ball Pattern) — White Flare · #074/086,NM,1,Andy
CC-3053,Whimsicott ex — White Flare · #005/086,NM,1,Andy
CC-3057,Lucario — XY Promos · #XY140,NM,10,Andy
CC-3058,Honchkrow V (Full Art) — Brilliant Stars · #161/172,NM,2,Trung
CC-3062,Cosmoem — Celebrations · #014/025,NM,1,Trung
CC-3063,Cosmoem — Celebrations · #014/025,NM,1,Trung
CC-3064,Cosmoem — Celebrations · #014/025,NM,1,Trung
CC-3065,Cosmoem — Celebrations · #014/025,NM,1,Trung
CC-3066,Cosmoem — Celebrations · #014/025,NM,1,Trung
CC-3067,Cosmoem — Celebrations · #014/025,NM,1,Trung
CC-3068,Cosmoem — Celebrations · #014/025,NM,1,Trung
CC-3069,Cosmoem — Celebrations · #014/025,NM,1,Trung
CC-3070,Cosmoem — Celebrations · #014/025,NM,1,Trung
CC-3071,Cosmoem — Celebrations · #014/025,NM,1,Trung
CC-3072,Cosmoem — Celebrations · #014/025,NM,1,Trung
CC-3073,Cosmoem — Celebrations · #014/025,NM,1,Trung
CC-3074,Cosmoem — Celebrations · #014/025,NM,1,Trung
CC-3075,Cosmoem — Celebrations · #014/025,NM,1,Trung
CC-3076,Cosmoem — Celebrations · #014/025,NM,1,Trung
CC-3077,Cosmoem — Celebrations · #014/025,NM,1,Trung
CC-3078,Cosmoem — Celebrations · #014/025,NM,1,Trung
CC-3079,Cosmoem — Celebrations · #014/025,NM,1,Trung
CC-3080,Cosmoem — Celebrations · #014/025,NM,1,Trung
CC-3081,Cosmoem — Celebrations · #014/025,NM,1,Trung
CC-3082,Cosmoem — Celebrations · #014/025,NM,1,Trung
CC-3083,Cosmoem — Celebrations · #014/025,NM,1,Trung
CC-3084,Cosmoem — Celebrations · #014/025,NM,1,Trung
CC-3085,Cosmoem — Celebrations · #014/025,NM,1,Trung
CC-3086,Cosmoem — Celebrations · #014/025,NM,1,Trung
CC-3087,Cosmoem — Celebrations · #014/025,NM,1,Trung
CC-3088,Cosmoem — Celebrations · #014/025,NM,1,Trung
CC-3089,Cosmoem — Celebrations · #014/025,NM,1,Trung
CC-3090,Cosmoem — Celebrations · #014/025,NM,1,Trung
CC-3091,Cosmoem — Celebrations · #014/025,NM,1,Trung
CC-3092,Cosmog — Celebrations · #013/025,NM,1,Trung
CC-3093,Cosmog — Celebrations · #013/025,NM,1,Trung
CC-3094,Cosmog — Celebrations · #013/025,NM,1,Trung
CC-3095,Cosmog — Celebrations · #013/025,NM,1,Trung
CC-3096,Cosmog — Celebrations · #013/025,NM,1,Trung
CC-3097,Cosmog — Celebrations · #013/025,NM,1,Trung
CC-3098,Cosmog — Celebrations · #013/025,NM,1,Trung
CC-3099,Cosmog — Celebrations · #013/025,NM,1,Trung
CC-3100,Cosmog — Celebrations · #013/025,NM,1,Trung
CC-3101,Cosmog — Celebrations · #013/025,NM,1,Trung
CC-3102,Cosmog — Celebrations · #013/025,NM,1,Trung
CC-3103,Cosmog — Celebrations · #013/025,NM,1,Trung
CC-3104,Cosmog — Celebrations · #013/025,NM,1,Trung
CC-3105,Cosmog — Celebrations · #013/025,NM,1,Trung
CC-3106,Cosmog — Celebrations · #013/025,NM,1,Trung
CC-3107,Cosmog — Celebrations · #013/025,NM,1,Trung
CC-3108,Cosmog — Celebrations · #013/025,NM,1,Trung
CC-3109,Cosmog — Celebrations · #013/025,NM,1,Trung
CC-3110,Cosmog — Celebrations · #013/025,NM,1,Trung
CC-3111,Cosmog — Celebrations · #013/025,NM,1,Trung
CC-3112,Cosmog — Celebrations · #013/025,NM,1,Trung
CC-3113,Cosmog — Celebrations · #013/025,NM,1,Trung
CC-3114,Cosmog — Celebrations · #013/025,NM,1,Trung
CC-3115,Cosmog — Celebrations · #013/025,NM,1,Trung
CC-3116,Cosmog — Celebrations · #013/025,NM,1,Trung
CC-3117,Cosmog — Celebrations · #013/025,NM,1,Trung
CC-3118,Cosmog — Celebrations · #013/025,NM,1,Trung
CC-3119,Cosmog — Celebrations · #013/025,NM,1,Trung
CC-3120,Cosmog — Celebrations · #013/025,NM,1,Trung
CC-3121,Cosmog — Celebrations · #013/025,NM,1,Trung
CC-3122,Cosmog — Celebrations · #013/025,NM,1,Trung
CC-3123,Cosmog — Celebrations · #013/025,NM,1,Trung
CC-3124,Cosmog — Celebrations · #013/025,NM,1,Trung
CC-3125,Cosmog — Celebrations · #013/025,NM,1,Trung
CC-3126,Cosmog — Celebrations · #013/025,NM,1,Trung
CC-3127,Dialga — Celebrations · #020/025,NM,1,Trung
CC-3128,Dialga — Celebrations · #020/025,NM,1,Trung
CC-3129,Dialga — Celebrations · #020/025,NM,1,Trung
CC-3130,Dialga — Celebrations · #020/025,NM,1,Trung
CC-3131,Dialga — Celebrations · #020/025,NM,1,Trung
CC-3132,Dialga — Celebrations · #020/025,NM,1,Trung
CC-3133,Dialga — Celebrations · #020/025,NM,1,Trung
CC-3134,Dialga — Celebrations · #020/025,NM,1,Trung
CC-3135,Dialga — Celebrations · #020/025,NM,1,Trung
CC-3136,Dialga — Celebrations · #020/025,NM,1,Trung
CC-3137,Dialga — Celebrations · #020/025,NM,1,Trung
CC-3138,Dialga — Celebrations · #020/025,NM,1,Trung
CC-3139,Dialga — Celebrations · #020/025,NM,1,Trung
CC-3140,Dialga — Celebrations · #020/025,NM,1,Trung
CC-3141,Dialga — Celebrations · #020/025,NM,1,Trung
CC-3142,Dialga — Celebrations · #020/025,NM,1,Trung
CC-3143,Dialga — Celebrations · #020/025,NM,1,Trung
CC-3144,Dialga — Celebrations · #020/025,NM,1,Trung
CC-3145,Dialga — Celebrations · #020/025,NM,1,Trung
CC-3146,Dialga — Celebrations · #020/025,NM,1,Trung
CC-3147,Dialga — Celebrations · #020/025,NM,1,Trung
CC-3148,Dialga — Celebrations · #020/025,NM,1,Trung
CC-3149,Dialga — Celebrations · #020/025,NM,1,Trung
CC-3150,Dialga — Celebrations · #020/025,NM,1,Trung
CC-3151,Dialga — Celebrations · #020/025,NM,1,Trung
CC-3152,Dialga — Celebrations · #020/025,NM,1,Trung
CC-3153,Dialga — Celebrations · #020/025,NM,1,Trung
CC-3154,Dialga — Celebrations · #020/025,NM,1,Trung
CC-3155,Dialga — Celebrations · #020/025,NM,1,Trung
CC-3156,Dialga — Celebrations · #020/025,NM,1,Trung
CC-3157,Dialga — Celebrations · #020/025,NM,1,Trung
CC-3158,Dialga — Celebrations · #020/025,NM,1,Trung
CC-3159,Dialga — Celebrations · #020/025,NM,1,Trung
CC-3160,Dialga — Celebrations · #020/025,NM,1,Trung
CC-3161,Dialga — Celebrations · #020/025,NM,1,Trung
CC-3162,Dialga — Celebrations · #020/025,NM,1,Trung
CC-3163,Dialga — Celebrations · #020/025,NM,1,Trung
CC-3164,Dialga — Celebrations · #020/025,NM,1,Trung
CC-3166,Groudon — Celebrations · #017/025,NM,1,Trung
CC-3167,Groudon — Celebrations · #017/025,NM,1,Trung
CC-3168,Groudon — Celebrations · #017/025,NM,1,Trung
CC-3169,Groudon — Celebrations · #017/025,NM,1,Trung
CC-3170,Groudon — Celebrations · #017/025,NM,1,Trung
CC-3171,Groudon — Celebrations · #017/025,NM,1,Trung
CC-3172,Groudon — Celebrations · #017/025,NM,1,Trung
CC-3173,Groudon — Celebrations · #017/025,NM,1,Trung
CC-3174,Groudon — Celebrations · #017/025,NM,1,Trung
CC-3175,Groudon — Celebrations · #017/025,NM,1,Trung
CC-3176,Groudon — Celebrations · #017/025,NM,1,Trung
CC-3177,Groudon — Celebrations · #017/025,NM,1,Trung
CC-3178,Groudon — Celebrations · #017/025,NM,1,Trung
CC-3179,Groudon — Celebrations · #017/025,NM,1,Trung
CC-3180,Groudon — Celebrations · #017/025,NM,1,Trung
CC-3181,Groudon — Celebrations · #017/025,NM,1,Trung
CC-3182,Groudon — Celebrations · #017/025,NM,1,Trung
CC-3183,Groudon — Celebrations · #017/025,NM,1,Trung
CC-3184,Groudon — Celebrations · #017/025,NM,1,Trung
CC-3185,Groudon — Celebrations · #017/025,NM,1,Trung
CC-3186,Groudon — Celebrations · #017/025,NM,1,Trung
CC-3187,Groudon — Celebrations · #017/025,NM,1,Trung
CC-3188,Groudon — Celebrations · #017/025,NM,1,Trung
CC-3189,Groudon — Celebrations · #017/025,NM,1,Trung
CC-3190,Ho-oh — Celebrations · #001/025,NM,1,Trung
CC-3191,Ho-oh — Celebrations · #001/025,NM,1,Trung
CC-3192,Ho-oh — Celebrations · #001/025,NM,1,Trung
CC-3193,Ho-oh — Celebrations · #001/025,NM,1,Trung
CC-3194,Ho-oh — Celebrations · #001/025,NM,1,Trung
CC-3195,Ho-oh — Celebrations · #001/025,NM,1,Trung
CC-3196,Ho-oh — Celebrations · #001/025,NM,1,Trung
CC-3197,Ho-oh — Celebrations · #001/025,NM,1,Trung
CC-3198,Ho-oh — Celebrations · #001/025,NM,1,Trung
CC-3199,Ho-oh — Celebrations · #001/025,NM,1,Trung
CC-3200,Ho-oh — Celebrations · #001/025,NM,1,Trung
CC-3201,Ho-oh — Celebrations · #001/025,NM,1,Trung
CC-3202,Ho-oh — Celebrations · #001/025,NM,1,Trung
CC-3203,Ho-oh — Celebrations · #001/025,NM,1,Trung
CC-3204,Ho-oh — Celebrations · #001/025,NM,1,Trung
CC-3205,Ho-oh — Celebrations · #001/025,NM,1,Trung
CC-3206,Ho-oh — Celebrations · #001/025,NM,1,Trung
CC-3207,Ho-oh — Celebrations · #001/025,NM,1,Trung
CC-3208,Ho-oh — Celebrations · #001/025,NM,1,Trung
CC-3209,Ho-oh — Celebrations · #001/025,NM,1,Trung
CC-3210,Ho-oh — Celebrations · #001/025,NM,1,Trung
CC-3211,Ho-oh — Celebrations · #001/025,NM,1,Trung
CC-3212,Ho-oh — Celebrations · #001/025,NM,1,Trung
CC-3213,Ho-oh — Celebrations · #001/025,NM,1,Trung
CC-3214,Kyogre — Celebrations · #003/025,NM,1,Trung
CC-3215,Kyogre — Celebrations · #003/025,NM,1,Trung
CC-3216,Kyogre — Celebrations · #003/025,NM,1,Trung
CC-3217,Kyogre — Celebrations · #003/025,NM,1,Trung
CC-3218,Kyogre — Celebrations · #003/025,NM,1,Trung
CC-3219,Kyogre — Celebrations · #003/025,NM,1,Trung
CC-3220,Kyogre — Celebrations · #003/025,NM,1,Trung
CC-3221,Kyogre — Celebrations · #003/025,NM,1,Trung
CC-3222,Kyogre — Celebrations · #003/025,NM,1,Trung
CC-3223,Kyogre — Celebrations · #003/025,NM,1,Trung
CC-3224,Kyogre — Celebrations · #003/025,NM,1,Trung
CC-3225,Kyogre — Celebrations · #003/025,NM,1,Trung
CC-3226,Kyogre — Celebrations · #003/025,NM,1,Trung
CC-3227,Kyogre — Celebrations · #003/025,NM,1,Trung
CC-3228,Kyogre — Celebrations · #003/025,NM,1,Trung
CC-3229,Kyogre — Celebrations · #003/025,NM,1,Trung
CC-3230,Kyogre — Celebrations · #003/025,NM,1,Trung
CC-3231,Kyogre — Celebrations · #003/025,NM,1,Trung
CC-3232,Kyogre — Celebrations · #003/025,NM,1,Trung
CC-3233,Kyogre — Celebrations · #003/025,NM,1,Trung
CC-3234,Kyogre — Celebrations · #003/025,NM,1,Trung
CC-3235,Kyogre — Celebrations · #003/025,NM,1,Trung
CC-3236,Kyogre — Celebrations · #003/025,NM,1,Trung
CC-3237,Kyogre — Celebrations · #003/025,NM,1,Trung
CC-3238,Lugia — Celebrations · #022/025,NM,1,Trung
CC-3239,Lugia — Celebrations · #022/025,NM,1,Trung
CC-3240,Lugia — Celebrations · #022/025,NM,1,Trung
CC-3241,Lugia — Celebrations · #022/025,NM,1,Trung
CC-3242,Lugia — Celebrations · #022/025,NM,1,Trung
CC-3243,Lugia — Celebrations · #022/025,NM,1,Trung
CC-3244,Lugia — Celebrations · #022/025,NM,1,Trung
CC-3245,Lugia — Celebrations · #022/025,NM,1,Trung
CC-3246,Lugia — Celebrations · #022/025,NM,1,Trung
CC-3247,Lugia — Celebrations · #022/025,NM,1,Trung
CC-3248,Lugia — Celebrations · #022/025,NM,1,Trung
CC-3249,Lugia — Celebrations · #022/025,NM,1,Trung
CC-3250,Lugia — Celebrations · #022/025,NM,1,Trung
CC-3251,Lugia — Celebrations · #022/025,NM,1,Trung
CC-3252,Lugia — Celebrations · #022/025,NM,1,Trung
CC-3253,Lugia — Celebrations · #022/025,NM,1,Trung
CC-3254,Lugia — Celebrations · #022/025,NM,1,Trung
CC-3255,Lugia — Celebrations · #022/025,NM,1,Trung
CC-3256,Lugia — Celebrations · #022/025,NM,1,Trung
CC-3257,Lugia — Celebrations · #022/025,NM,1,Trung
CC-3258,Lugia — Celebrations · #022/025,NM,1,Trung
CC-3259,Lugia — Celebrations · #022/025,NM,1,Trung
CC-3260,Lugia — Celebrations · #022/025,NM,1,Trung
CC-3261,Lugia — Celebrations · #022/025,NM,1,Trung
CC-3262,Lunala — Celebrations · #015/025,NM,1,Trung
CC-3263,Lunala — Celebrations · #015/025,NM,1,Trung
CC-3264,Lunala — Celebrations · #015/025,NM,1,Trung
CC-3265,Lunala — Celebrations · #015/025,NM,1,Trung
CC-3266,Lunala — Celebrations · #015/025,NM,1,Trung
CC-3267,Lunala — Celebrations · #015/025,NM,1,Trung
CC-3268,Lunala — Celebrations · #015/025,NM,1,Trung
CC-3269,Lunala — Celebrations · #015/025,NM,1,Trung
CC-3270,Lunala — Celebrations · #015/025,NM,1,Trung
CC-3271,Lunala — Celebrations · #015/025,NM,1,Trung
CC-3272,Lunala — Celebrations · #015/025,NM,1,Trung
CC-3273,Lunala — Celebrations · #015/025,NM,1,Trung
CC-3274,Lunala — Celebrations · #015/025,NM,1,Trung
CC-3275,Lunala — Celebrations · #015/025,NM,1,Trung
CC-3276,Lunala — Celebrations · #015/025,NM,1,Trung
CC-3277,Lunala — Celebrations · #015/025,NM,1,Trung
CC-3278,Mew — Celebrations · #011/025,NM,4,Trung
CC-3279,Mew — Celebrations · #011/025,NM,4,Trung
CC-3280,Mew — Celebrations · #011/025,NM,4,Trung
CC-3281,Mew — Celebrations · #011/025,NM,4,Trung
CC-3282,Mew — Celebrations · #011/025,NM,4,Trung
CC-3283,Mew — Celebrations · #011/025,NM,4,Trung
CC-3284,Mew — Celebrations · #011/025,NM,4,Trung
CC-3285,Mew — Celebrations · #011/025,NM,4,Trung
CC-3286,Mew — Celebrations · #011/025,NM,4,Trung
CC-3287,Mew — Celebrations · #011/025,NM,4,Trung
CC-3288,Mew — Celebrations · #011/025,NM,4,Trung
CC-3289,Mew — Celebrations · #011/025,NM,4,Trung
CC-3290,Mew — Celebrations · #011/025,NM,4,Trung
CC-3291,Palkia — Celebrations · #004/025,NM,1,Trung
CC-3292,Palkia — Celebrations · #004/025,NM,1,Trung
CC-3293,Palkia — Celebrations · #004/025,NM,1,Trung
CC-3294,Palkia — Celebrations · #004/025,NM,1,Trung
CC-3295,Palkia — Celebrations · #004/025,NM,1,Trung
CC-3296,Palkia — Celebrations · #004/025,NM,1,Trung
CC-3297,Palkia — Celebrations · #004/025,NM,1,Trung
CC-3298,Palkia — Celebrations · #004/025,NM,1,Trung
CC-3299,Palkia — Celebrations · #004/025,NM,1,Trung
CC-3300,Palkia — Celebrations · #004/025,NM,1,Trung
CC-3301,Palkia — Celebrations · #004/025,NM,1,Trung
CC-3302,Palkia — Celebrations · #004/025,NM,1,Trung
CC-3303,Palkia — Celebrations · #004/025,NM,1,Trung
CC-3304,Palkia — Celebrations · #004/025,NM,1,Trung
CC-3305,Palkia — Celebrations · #004/025,NM,1,Trung
CC-3306,Palkia — Celebrations · #004/025,NM,1,Trung
CC-3307,Palkia — Celebrations · #004/025,NM,1,Trung
CC-3308,Palkia — Celebrations · #004/025,NM,1,Trung
CC-3309,Palkia — Celebrations · #004/025,NM,1,Trung
CC-3310,Palkia — Celebrations · #004/025,NM,1,Trung
CC-3311,Palkia — Celebrations · #004/025,NM,1,Trung
CC-3312,Palkia — Celebrations · #004/025,NM,1,Trung
CC-3313,Palkia — Celebrations · #004/025,NM,1,Trung
CC-3314,Palkia — Celebrations · #004/025,NM,1,Trung
CC-3315,Pikachu — Celebrations · #005/025,NM,6,Trung
CC-3316,Pikachu — Celebrations · #005/025,NM,6,Trung
CC-3317,Professor's Research — Celebrations · #023/025,NM,1,Trung
CC-3318,Professor's Research — Celebrations · #023/025,NM,1,Trung
CC-3319,Professor's Research — Celebrations · #023/025,NM,1,Trung
CC-3320,Professor's Research — Celebrations · #023/025,NM,1,Trung
CC-3321,Professor's Research — Celebrations · #023/025,NM,1,Trung
CC-3322,Professor's Research — Celebrations · #023/025,NM,1,Trung
CC-3323,Professor's Research — Celebrations · #023/025,NM,1,Trung
CC-3324,Professor's Research — Celebrations · #023/025,NM,1,Trung
CC-3325,Professor's Research — Celebrations · #023/025,NM,1,Trung
CC-3326,Professor's Research — Celebrations · #023/025,NM,1,Trung
CC-3327,Professor's Research — Celebrations · #023/025,NM,1,Trung
CC-3328,Professor's Research — Celebrations · #023/025,NM,1,Trung
CC-3329,Professor's Research — Celebrations · #023/025,NM,1,Trung
CC-3330,Professor's Research — Celebrations · #023/025,NM,1,Trung
CC-3331,Professor's Research — Celebrations · #023/025,NM,1,Trung
CC-3332,Professor's Research — Celebrations · #023/025,NM,1,Trung
CC-3333,Reshiram — Celebrations · #002/025,NM,1,Trung
CC-3334,Reshiram — Celebrations · #002/025,NM,1,Trung
CC-3335,Reshiram — Celebrations · #002/025,NM,1,Trung
CC-3336,Reshiram — Celebrations · #002/025,NM,1,Trung
CC-3337,Reshiram — Celebrations · #002/025,NM,1,Trung
CC-3338,Reshiram — Celebrations · #002/025,NM,1,Trung
CC-3339,Reshiram — Celebrations · #002/025,NM,1,Trung
CC-3340,Reshiram — Celebrations · #002/025,NM,1,Trung
CC-3341,Reshiram — Celebrations · #002/025,NM,1,Trung
CC-3342,Reshiram — Celebrations · #002/025,NM,1,Trung
CC-3343,Reshiram — Celebrations · #002/025,NM,1,Trung
CC-3344,Reshiram — Celebrations · #002/025,NM,1,Trung
CC-3345,Reshiram — Celebrations · #002/025,NM,1,Trung
CC-3346,Reshiram — Celebrations · #002/025,NM,1,Trung
CC-3347,Reshiram — Celebrations · #002/025,NM,1,Trung
CC-3348,Reshiram — Celebrations · #002/025,NM,1,Trung
CC-3349,Reshiram — Celebrations · #002/025,NM,1,Trung
CC-3350,Reshiram — Celebrations · #002/025,NM,1,Trung
CC-3351,Reshiram — Celebrations · #002/025,NM,1,Trung
CC-3352,Reshiram — Celebrations · #002/025,NM,1,Trung
CC-3353,Reshiram — Celebrations · #002/025,NM,1,Trung
CC-3354,Reshiram — Celebrations · #002/025,NM,1,Trung
CC-3355,Reshiram — Celebrations · #002/025,NM,1,Trung
CC-3356,Reshiram — Celebrations · #002/025,NM,1,Trung
CC-3357,Solgaleo — Celebrations · #021/025,NM,1,Trung
CC-3358,Solgaleo — Celebrations · #021/025,NM,1,Trung
CC-3359,Solgaleo — Celebrations · #021/025,NM,1,Trung
CC-3360,Solgaleo — Celebrations · #021/025,NM,1,Trung
CC-3361,Solgaleo — Celebrations · #021/025,NM,1,Trung
CC-3362,Solgaleo — Celebrations · #021/025,NM,1,Trung
CC-3363,Solgaleo — Celebrations · #021/025,NM,1,Trung
CC-3364,Solgaleo — Celebrations · #021/025,NM,1,Trung
CC-3365,Solgaleo — Celebrations · #021/025,NM,1,Trung
CC-3366,Solgaleo — Celebrations · #021/025,NM,1,Trung
CC-3367,Solgaleo — Celebrations · #021/025,NM,1,Trung
CC-3368,Solgaleo — Celebrations · #021/025,NM,1,Trung
CC-3369,Solgaleo — Celebrations · #021/025,NM,1,Trung
CC-3370,Solgaleo — Celebrations · #021/025,NM,1,Trung
CC-3371,Solgaleo — Celebrations · #021/025,NM,1,Trung
CC-3372,Solgaleo — Celebrations · #021/025,NM,1,Trung
CC-3373,Solgaleo — Celebrations · #021/025,NM,1,Trung
CC-3374,Solgaleo — Celebrations · #021/025,NM,1,Trung
CC-3375,Solgaleo — Celebrations · #021/025,NM,1,Trung
CC-3378,Xerneas — Celebrations · #012/025,NM,1,Trung
CC-3379,Xerneas — Celebrations · #012/025,NM,1,Trung
CC-3380,Xerneas — Celebrations · #012/025,NM,1,Trung
CC-3381,Xerneas — Celebrations · #012/025,NM,1,Trung
CC-3382,Xerneas — Celebrations · #012/025,NM,1,Trung
CC-3383,Xerneas — Celebrations · #012/025,NM,1,Trung
CC-3384,Xerneas — Celebrations · #012/025,NM,1,Trung
CC-3385,Xerneas — Celebrations · #012/025,NM,1,Trung
CC-3386,Xerneas — Celebrations · #012/025,NM,1,Trung
CC-3387,Xerneas — Celebrations · #012/025,NM,1,Trung
CC-3388,Xerneas — Celebrations · #012/025,NM,1,Trung
CC-3389,Xerneas — Celebrations · #012/025,NM,1,Trung
CC-3390,Xerneas — Celebrations · #012/025,NM,1,Trung
CC-3391,Xerneas — Celebrations · #012/025,NM,1,Trung
CC-3392,Xerneas — Celebrations · #012/025,NM,1,Trung
CC-3393,Xerneas — Celebrations · #012/025,NM,1,Trung
CC-3394,Xerneas — Celebrations · #012/025,NM,1,Trung
CC-3395,Xerneas — Celebrations · #012/025,NM,1,Trung
CC-3396,Xerneas — Celebrations · #012/025,NM,1,Trung
CC-3397,Xerneas — Celebrations · #012/025,NM,1,Trung
CC-3398,Xerneas — Celebrations · #012/025,NM,1,Trung
CC-3399,Xerneas — Celebrations · #012/025,NM,1,Trung
CC-3400,Xerneas — Celebrations · #012/025,NM,1,Trung
CC-3401,Xerneas — Celebrations · #012/025,NM,1,Trung
CC-3402,Yveltal — Celebrations · #019/025,NM,1,Trung
CC-3403,Yveltal — Celebrations · #019/025,NM,1,Trung
CC-3404,Yveltal — Celebrations · #019/025,NM,1,Trung
CC-3405,Yveltal — Celebrations · #019/025,NM,1,Trung
CC-3406,Yveltal — Celebrations · #019/025,NM,1,Trung
CC-3407,Yveltal — Celebrations · #019/025,NM,1,Trung
CC-3408,Yveltal — Celebrations · #019/025,NM,1,Trung
CC-3409,Yveltal — Celebrations · #019/025,NM,1,Trung
CC-3410,Yveltal — Celebrations · #019/025,NM,1,Trung
CC-3411,Yveltal — Celebrations · #019/025,NM,1,Trung
CC-3412,Yveltal — Celebrations · #019/025,NM,1,Trung
CC-3413,Yveltal — Celebrations · #019/025,NM,1,Trung
CC-3414,Yveltal — Celebrations · #019/025,NM,1,Trung
CC-3415,Yveltal — Celebrations · #019/025,NM,1,Trung
CC-3416,Yveltal — Celebrations · #019/025,NM,1,Trung
CC-3417,Yveltal — Celebrations · #019/025,NM,1,Trung
CC-3418,Yveltal — Celebrations · #019/025,NM,1,Trung
CC-3419,Yveltal — Celebrations · #019/025,NM,1,Trung
CC-3420,Yveltal — Celebrations · #019/025,NM,1,Trung
CC-3421,Yveltal — Celebrations · #019/025,NM,1,Trung
CC-3422,Yveltal — Celebrations · #019/025,NM,1,Trung
CC-3423,Yveltal — Celebrations · #019/025,NM,1,Trung
CC-3424,Yveltal — Celebrations · #019/025,NM,1,Trung
CC-3425,Yveltal — Celebrations · #019/025,NM,1,Trung
CC-3426,Yveltal — Celebrations · #019/025,NM,1,Trung
CC-3427,Yveltal — Celebrations · #019/025,NM,1,Trung
CC-3428,Yveltal — Celebrations · #019/025,NM,1,Trung
CC-3429,Yveltal — Celebrations · #019/025,NM,1,Trung
CC-3430,Yveltal — Celebrations · #019/025,NM,1,Trung
CC-3431,Yveltal — Celebrations · #019/025,NM,1,Trung
CC-3432,Yveltal — Celebrations · #019/025,NM,1,Trung
CC-3433,Yveltal — Celebrations · #019/025,NM,1,Trung
CC-3434,Yveltal — Celebrations · #019/025,NM,1,Trung
CC-3435,Yveltal — Celebrations · #019/025,NM,1,Trung
CC-3436,Yveltal — Celebrations · #019/025,NM,1,Trung
CC-3437,Yveltal — Celebrations · #019/025,NM,1,Trung
CC-3438,Zekrom — Celebrations · #010/025,NM,1,Trung
CC-3439,Zekrom — Celebrations · #010/025,NM,1,Trung
CC-3440,Zekrom — Celebrations · #010/025,NM,1,Trung
CC-3441,Zekrom — Celebrations · #010/025,NM,1,Trung
CC-3442,Zekrom — Celebrations · #010/025,NM,1,Trung
CC-3443,Zekrom — Celebrations · #010/025,NM,1,Trung
CC-3444,Zekrom — Celebrations · #010/025,NM,1,Trung
CC-3445,Zekrom — Celebrations · #010/025,NM,1,Trung
CC-3446,Zekrom — Celebrations · #010/025,NM,1,Trung
CC-3447,Zekrom — Celebrations · #010/025,NM,1,Trung
CC-3448,Zekrom — Celebrations · #010/025,NM,1,Trung
CC-3449,Zekrom — Celebrations · #010/025,NM,1,Trung
CC-3450,Zekrom — Celebrations · #010/025,NM,1,Trung
CC-3451,Zekrom — Celebrations · #010/025,NM,1,Trung
CC-3452,Zekrom — Celebrations · #010/025,NM,1,Trung
CC-3453,Zekrom — Celebrations · #010/025,NM,1,Trung
CC-3454,Zekrom — Celebrations · #010/025,NM,1,Trung
CC-3455,Zekrom — Celebrations · #010/025,NM,1,Trung
CC-3456,Zekrom — Celebrations · #010/025,NM,1,Trung
CC-3457,Zekrom — Celebrations · #010/025,NM,1,Trung
CC-3458,Zekrom — Celebrations · #010/025,NM,1,Trung
CC-3459,Zekrom — Celebrations · #010/025,NM,1,Trung
CC-3460,Zekrom — Celebrations · #010/025,NM,1,Trung
CC-3461,Zekrom — Celebrations · #010/025,NM,1,Trung
CC-3462,Zekrom — Celebrations · #010/025,NM,1,Trung
CC-3463,Zekrom — Celebrations · #010/025,NM,1,Trung
CC-3464,Zekrom — Celebrations · #010/025,NM,1,Trung
CC-3466,Kangaskhan (SM Base Set) — Deck Exclusives · #099/149,NM,1,Trung
CC-3468,Boltund VMAX (Secret) — Fusion Strike · #267/264,NM,8,Trung
CC-3469,Snorlax — Lost Origin · #143/196,NM,3,Trung
CC-3471,Spinarak (Peelable Ditto) — Pokemon Go · #006/078,NM,1,Trung
CC-3473,V Guard Energy (Secret) — Silver Tempest · #215/195,NM,2,Trung
CC-3476,Braviary — Surging Sparks · #214/191,NM,7,Trung
CC-3477,Boltund V — Sword & Shield Promo · #SWSH085,NM,1,Trung
CC-3478,Boltund V — Sword & Shield Promo · #SWSH085,NM,1,Trung
CC-3479,Boltund V — Sword & Shield Promo · #SWSH085,NM,1,Trung
CC-3480,Charizard V — Sword & Shield Promo · #SWSH050,NM,14,Trung
CC-3489,Eevee VMAX — Sword & Shield Promo · #SWSH087,NM,4,Trung
CC-3490,Eevee VMAX — Sword & Shield Promo · #SWSH087,NM,4,Trung
CC-3491,Eldegoss V — Sword & Shield Promo · #SWSH084,NM,1,Trung
CC-3507,Alolan Muk — Team Up · #84,NM,3,Trung
CC-3508,Coalossal V (Full Art) — Vivid Voltage · #173/185,NM,3,Trung
CC-3862,Erika's Tangela — Ascended Heroes · #218/217,NM,16,Andy
CC-3866,Mega Scrafty ex — Ascended Heroes · #135/217,NM,1,Andy
CC-3876,Terapagos ex — Ascended Heroes · #179/217,NM,1,Andy
CC-3881,Kingdra — Astral Radiance Trainer Gallery · #TG03/TG30,NM,13,Andy
CC-3883,Pidgeot — Base Set 2 · #14,NM,43,Andy
CC-3886,Cinccino (Poke Ball Pattern) — Black Bolt · #076/086,NM,1,Andy
CC-3887,Axew (Poke Ball Pattern) — Black Bolt · #068/086,NM,1,Andy
CC-3890,Excadrill ex — Black Bolt · #046/086,NM,1,Andy
CC-3891,Genesect ex — Black Bolt · #067/086,NM,2,Andy
CC-3892,Klink (Poke Ball Pattern) — Black Bolt · #061/086,NM,1,Andy
CC-3894,Pawniard — Black Bolt · #142/086,NM,8,Andy
CC-3910,Eevee — Brilliant Stars Trainer Gallery · #TG11/TG30,NM,22,Andy
CC-3911,Flareon — Brilliant Stars Trainer Gallery · #TG01/TG30,NM,23,Andy
CC-3912,Jolteon — Brilliant Stars Trainer Gallery · #TG04/TG30,NM,20,Andy
CC-3913,Vaporeon — Brilliant Stars Trainer Gallery · #TG02/TG30,NM,24,Andy
CC-3914,Zekrom — Brilliant Stars Trainer Gallery · #TG05/TG30,NM,15,Andy
CC-3917,Blastoise — Celebrations: Classic Collection · #2/102,NM,16,Andy
CC-3918,Lucario V — Champion's Path · #27/73,NM,5,Andy
CC-3928,Gourgeist ex — Chaos Rising · #041/086,NM,1,Andy
CC-3929,Jumbo Ice Cream — Chaos Rising · #109/086,NM,5,Andy
CC-3936,Guzzlord — Cosmic Eclipse · #136/236,NM,8,Andy
CC-3939,Steelix (Secret) — Cosmic Eclipse · #247/236,NM,20,Andy
CC-3942,Magikarp — Crimson Invasion · #17/111,NM,2,Andy
CC-3950,Glaceon VSTAR — Crown Zenith: Galarian Gallery · #GG40/GG70,PSA 10,172,Andy
CC-3951,Leafeon VSTAR — Crown Zenith: Galarian Gallery · #GG35/GG70,PSA 10,191,Andy
CC-3958,Scizor VMAX — Darkness Ablaze · #119/189,NM,6,Andy
CC-3959,Ethan's Ho-oh ex — Destined Rivals · #039/182,NM,1,Andy
CC-3961,Steven's Metagross ex — Destined Rivals · #145/182,NM,1,Andy
CC-3966,Flareon VMAX (JP) — Eevee Heroes VMAX Special Set · #001/004,CGC 10,20,Andy
CC-3967,Gyarados V — Evolving Skies · #028/203,NM,3,Andy
CC-3968,Jolteon VMAX — Evolving Skies · #051/203,NM,13,Andy
CC-3971,Umbreon VMAX — Evolving Skies · #095/203,NM,30,Andy
CC-3976,Lucario V — Fusion Strike · #146/264,NM,2,Andy
CC-3987,Hop's Dubwool — Journey Together · #136/159,NM,1,Andy
CC-3988,Hop's Dubwool — Journey Together · #136/159,NM,1,Andy
CC-3989,Hop's Wooloo — Journey Together · #135/159,NM,1,Andy
CC-3990,Hop's Wooloo — Journey Together · #135/159,NM,1,Andy
CC-3993,N's Zoroark ex — Journey Together · #189/159,NM,15,Andy
CC-3994,N's Zoroark ex — Journey Together · #185/159,NM,47,Andy
CC-3995,Swinub — Journey Together · #165/159,NM,4,Andy
CC-4001,Boss's Orders — Lost Origin Trainer Gallery · #TG24/TG30,NM,10,Andy
CC-4003,Snorlax — Lost Origin Trainer Gallery · #TG10/TG30,NM,23,Andy
CC-4014,Mega Feraligatr ex — Mega Evolution Promos · #036,NM,1,Andy
CC-4016,Mega Gengar ex — Mega Evolution Promos · #073,NM,5,Andy
CC-4017,Mega Zygarde ex — Mega Evolution Promos · #071,NM,1,Andy
CC-4018,Mega Zygarde ex — Mega Evolution Promos · #071,NM,1,Andy
CC-4019,Mega Zygarde ex — Mega Evolution Promos · #071,NM,1,Andy
CC-4044,Ninetales — Obsidian Flames · #199/197,NM,42,Andy
CC-4045,Boss's Orders — Paldea Evolved · #248/193,NM,10,Andy
CC-4048,Decidueye ex — Perfect Order · #012/088,NM,1,Andy
CC-4049,Dedenne — Perfect Order · #093/088,NM,6,Andy
CC-4055,Jacinthe — Perfect Order · #110/088,NM,3,Andy
CC-4056,Lapras ex — Perfect Order · #022/088,NM,1,Andy
CC-4057,Mega Clefable ex — Perfect Order · #031/088,NM,1,Andy
CC-4058,Mega Skarmory ex — Perfect Order · #055/088,NM,1,Andy
CC-4064,Tarragon — Perfect Order · #116/088,NM,2,Andy
CC-4065,Yveltal ex — Perfect Order · #053/088,NM,1,Andy
CC-4066,Yveltal ex — Perfect Order · #053/088,NM,1,Andy
CC-4069,Toxtricity — Phantasmal Flames · #103/094,NM,3,Andy
CC-4070,Zacian — Phantasmal Flames · #100/094,NM,5,Andy
CC-4072,Energy Switch — Pitch Black · #107/084,NM,3,Andy
CC-4074,Lurantis ex — Pitch Black · #096/084,NM,2,Andy
CC-4075,Lurantis ex — Pitch Black · #004/084,NM,1,Andy
CC-4076,Mega Darkrai ex — Pitch Black · #048/084,NM,1,Andy
CC-4077,Mega Delphox ex — Pitch Black · #008/084,NM,1,Andy
CC-4078,Mega Excadrill ex — Pitch Black · #103/084,NM,7,Andy
CC-4079,Mega Slowbro ex — Pitch Black · #031/084,NM,1,Andy
CC-4080,Mega Zeraora ex — Pitch Black · #027/084,NM,1,Andy
CC-4081,Morpeko ex — Pitch Black · #055/084,NM,1,Andy
CC-4088,Rampardos ex — Pitch Black · #045/084,NM,1,Andy
CC-4090,Toucannon — Pitch Black · #094/084,NM,3,Andy
CC-4091,Wailord ex — Pitch Black · #016/084,NM,1,Andy
CC-4119,Pikachu — Pokemon Go · #028/078,NM,2,Andy
CC-4120,Pikachu — Pokemon Go · #028/078,NM,2,Andy
CC-4121,Pikachu — Pokemon Go · #028/078,NM,2,Andy
CC-4126,Riolu (Master Ball Pattern) — Prismatic Evolutions · #050/131,PSA 10,119,Andy
CC-4129,Ninetales (JP) — Ruler of the Black Flame · #110/108,PSA 10,77,Andy
CC-4132,Hop's Zacian ex — Scarlet & Violet Promo · #SVP193,NM,1,Andy
CC-4133,Hop's Zacian ex — Scarlet & Violet Promo · #SVP193,NM,1,Andy
CC-4150,Dragonite — Silver Tempest · #131/195,NM,2,Andy
CC-4151,Dragonite — Silver Tempest · #131/195,NM,2,Andy
CC-4155,Ho-oh V — Silver Tempest · #140/195,NM,4,Andy
CC-4156,Lugia VSTAR — Silver Tempest · #139/195,NM,7,Andy
CC-4157,Lugia VSTAR — Silver Tempest · #139/195,NM,7,Andy
CC-4158,Lugia VSTAR — Silver Tempest · #139/195,NM,7,Andy
CC-4159,Lugia VSTAR — Silver Tempest · #139/195,NM,7,Andy
CC-4168,Meditite (JP) — Stellar Miracle · #111/102,PSA 10,35,Andy
CC-4173,Groudon (JP) — Storm Emeralda · #084/076,NM,12,Andy
CC-4185,Mega Golisopod ex (JP) — Storm Emeralda · #107/076,NM,15,Andy
CC-4196,Moltres & Zapdos & Articuno GX — Sun & Moon Promo · #SM210,NM,156,Andy
CC-4198,Surging Sparks Elite Trainer Box — Surging Sparks,UO,127,Andy
CC-4200,151 Elite Trainer Box — SV: 151,UO,528,Andy
CC-4202,Pikachu — SV: 151 · #173/165,NM,83,Andy
CC-4203,Croagunk (Cosmos Holo) — Sword & Shield Promo · #SWSH245,NM,1,Andy
CC-4204,Croagunk (Cosmos Holo) — Sword & Shield Promo · #SWSH245,NM,1,Andy
CC-4205,Croagunk (Cosmos Holo) — Sword & Shield Promo · #SWSH245,NM,1,Andy
CC-4206,Croagunk (Cosmos Holo) — Sword & Shield Promo · #SWSH245,NM,1,Andy
CC-4207,Croagunk (Cosmos Holo) — Sword & Shield Promo · #SWSH245,NM,1,Andy
CC-4208,Croagunk (Cosmos Holo) — Sword & Shield Promo · #SWSH245,NM,1,Andy
CC-4209,Croagunk (Cosmos Holo) — Sword & Shield Promo · #SWSH245,NM,1,Andy
CC-4210,Croagunk (Cosmos Holo) — Sword & Shield Promo · #SWSH245,NM,1,Andy
CC-4211,Croagunk (Cosmos Holo) — Sword & Shield Promo · #SWSH245,NM,1,Andy
CC-4212,Croagunk (Cosmos Holo) — Sword & Shield Promo · #SWSH245,NM,1,Andy
CC-4213,Croagunk (Cosmos Holo) — Sword & Shield Promo · #SWSH245,NM,1,Andy
CC-4214,Croagunk (Cosmos Holo) — Sword & Shield Promo · #SWSH245,NM,1,Andy
CC-4219,Pikachu — Sword & Shield Promo · #SWSH234,NM,7,Andy
CC-4220,Pikachu — Sword & Shield Promo · #SWSH234,NM,7,Andy
CC-4235,Pachirisu (JP) — Violet ex · #084/078,PSA 10,38,Andy
CC-4253,Deoxys (JP) — VSTAR Universe · #185/172,PSA 10,69,Andy
CC-4288,Latias (JP) — VSTAR Universe · #195/172,PSA 9,36,Andy
CC-4322,White Flare Pokemon Center Elite Trainer Box (Exclusive) — White Flare,UO,237,Andy
CC-4326,Mega Gardevoir ex — Ascended Heroes · #089/217,NM,1,Trung
CC-4327,Darkrai V — Astral Radiance · #098/189,NM,2,Trung
CC-4328,Darkrai VSTAR — Astral Radiance · #099/189,NM,3,Trung
CC-4330,Garchomp V — Astral Radiance · #117/189,NM,2,Trung
CC-4331,Heatran V — Astral Radiance · #025/189,NM,1,Trung
CC-4332,Hisuian Lilligant V — Astral Radiance · #017/189,NM,1,Trung
CC-4333,Hisuian Lilligant V — Astral Radiance · #017/189,NM,1,Trung
CC-4334,Hisuian Samurott VSTAR — Astral Radiance · #102/189,NM,2,Trung
CC-4336,Starmie V — Astral Radiance · #030/189,NM,1,Trung
CC-4340,Corviknight V — Battle Styles · #109/163,NM,1,Trung
CC-4341,Flapple V — Battle Styles · #018/163,NM,1,Trung
CC-4342,Kricketune V — Battle Styles · #006/163,NM,1,Trung
CC-4343,Rapid Strike Urshifu V — Battle Styles · #087/163,NM,1,Trung
CC-4344,Rapid Strike Urshifu VMAX — Battle Styles · #088/163,NM,2,Trung
CC-4345,Single Strike Urshifu V — Battle Styles · #085/163,NM,1,Trung
CC-4346,Single Strike Urshifu VMAX — Battle Styles · #086/163,NM,2,Trung
CC-4347,Single Strike Urshifu VMAX — Battle Styles · #086/163,NM,2,Trung
CC-4348,Single Strike Urshifu VMAX — Battle Styles · #086/163,NM,2,Trung
CC-4349,Single Strike Urshifu VMAX — Battle Styles · #086/163,NM,2,Trung
CC-4350,Tapu Koko VMAX — Battle Styles · #051/163,NM,2,Trung
CC-4351,Tyranitar V — Battle Styles · #097/163,NM,1,Trung
CC-4352,Trevenant V (JP) — Blue Sky Stream · #007/067,NM,3,Trung
CC-4353,Aggron V — Brilliant Stars · #096/172,NM,2,Trung
CC-4354,Aggron V — Brilliant Stars · #096/172,NM,2,Trung
CC-4355,Aggron V — Brilliant Stars · #096/172,NM,2,Trung
CC-4357,Cheren's Care (Full Art) — Brilliant Stars · #168/172,NM,2,Trung
CC-4358,Dracovish V — Brilliant Stars · #114/172,NM,2,Trung
CC-4359,Dracovish V — Brilliant Stars · #114/172,NM,2,Trung
CC-4360,Dracovish V — Brilliant Stars · #114/172,NM,2,Trung
CC-4361,Drampa V — Brilliant Stars · #128/172,NM,1,Trung
CC-4362,Entei V — Brilliant Stars · #022/172,NM,3,Trung
CC-4363,Entei V — Brilliant Stars · #022/172,NM,3,Trung
CC-4364,Flygon V — Brilliant Stars · #106/172,NM,1,Trung
CC-4365,Granbull V — Brilliant Stars · #057/172,NM,1,Trung
CC-4366,Kingler V — Brilliant Stars · #028/172,NM,2,Trung
CC-4367,Kingler V — Brilliant Stars · #028/172,NM,2,Trung
CC-4368,Kingler V — Brilliant Stars · #028/172,NM,2,Trung
CC-4369,Shaymin V — Brilliant Stars · #013/172,NM,1,Trung
CC-4370,Simisear V — Brilliant Stars · #027/172,NM,1,Trung
CC-4371,Whimsicott V — Brilliant Stars · #064/172,NM,1,Trung
CC-4372,Whimsicott V — Brilliant Stars · #064/172,NM,1,Trung
CC-4373,Whimsicott VSTAR — Brilliant Stars · #065/172,NM,2,Trung
CC-4377,Cafe Master — Brilliant Stars Trainer Gallery · #TG25/TG30,NM,3,Trung
CC-4378,Cafe Master — Brilliant Stars Trainer Gallery · #TG25/TG30,NM,3,Trung
CC-4379,Gloria — Brilliant Stars Trainer Gallery · #TG26/TG30,NM,6,Trung
CC-4381,Golisopod GX — Burning Shadows · #17/147,NM,2,Trung
CC-4383,Blastoise — Celebrations: Classic Collection · #2/102,NM,16,Trung
CC-4391,Venusaur — Celebrations: Classic Collection · #15/102,NM,11,Trung
CC-4392,Venusaur — Celebrations: Classic Collection · #15/102,NM,11,Trung
CC-4394,Alcremie V — Champion's Path · #22/73,NM,3,Trung
CC-4395,Alcremie VMAX — Champion's Path · #023/73,NM,7,Trung
CC-4396,Drednaw V — Champion's Path · #14/73,NM,1,Trung
CC-4397,Drednaw VMAX — Champion's Path · #015/073,NM,3,Trung
CC-4398,Drednaw VMAX — Champion's Path · #015/073,NM,3,Trung
CC-4399,Duraludon V — Champion's Path · #47/73,NM,1,Trung
CC-4400,Galarian Cursola V — Champion's Path · #21/73,NM,2,Trung
CC-4401,Grapploct V — Champion's Path · #32/73,NM,1,Trung
CC-4402,Hop (Full Art) — Champion's Path · #73/73,NM,2,Trung
CC-4403,Incineroar V — Champion's Path · #08/73,NM,2,Trung
CC-4404,Wailord V — Champion's Path · #13/73,NM,2,Trung
CC-4405,Blissey V — Chilling Reign · #119/198,NM,2,Trung
CC-4406,Celebi V — Chilling Reign · #007/198,NM,2,Trung
CC-4407,Galarian Slowking V — Chilling Reign · #099/198,NM,2,Trung
CC-4408,Galarian Zapdos V — Chilling Reign · #080/198,NM,2,Trung
CC-4409,Ice Rider Calyrex V — Chilling Reign · #045/198,NM,1,Trung
CC-4410,Liepard V — Chilling Reign · #104/198,NM,1,Trung
CC-4411,Metagross V — Chilling Reign · #112/198,NM,2,Trung
CC-4412,Metagross VMAX — Chilling Reign · #113/198,NM,3,Trung
CC-4413,Metagross VMAX — Chilling Reign · #113/198,NM,3,Trung
CC-4414,Sandaconda V — Chilling Reign · #089/198,NM,1,Trung
CC-4415,Sandaconda VMAX — Chilling Reign · #090/198,NM,2,Trung
CC-4416,Tornadus V — Chilling Reign · #124/198,NM,1,Trung
CC-4417,Tornadus VMAX — Chilling Reign · #125/198,NM,2,Trung
CC-4418,Volcanion V — Chilling Reign · #025/198,NM,1,Trung
CC-4419,Zeraora V — Chilling Reign · #053/198,NM,1,Trung
CC-4420,Oricorio GX — Cosmic Eclipse · #95/236,NM,3,Trung
CC-4422,Wishiwashi GX — Cosmic Eclipse · #63/236,NM,2,Trung
CC-4424,Hatterene VMAX — Crown Zenith · #066/159,NM,2,Trung
CC-4425,Hatterene VMAX — Crown Zenith · #066/159,NM,2,Trung
CC-4426,Leafeon VSTAR — Crown Zenith · #014/159,NM,4,Trung
CC-4427,Leafeon VSTAR — Crown Zenith · #014/159,NM,4,Trung
CC-4428,Rayquaza V — Crown Zenith · #100/159,NM,3,Trung
CC-4429,Rotom V — Crown Zenith · #045/159,NM,1,Trung
CC-4430,Simisear V — Crown Zenith · #022/159,NM,1,Trung
CC-4431,Stoutland V — Crown Zenith · #116/159,NM,1,Trung
CC-4432,Zacian V — Crown Zenith · #095/159,NM,1,Trung
CC-4433,Zacian VSTAR — Crown Zenith · #096/159,NM,2,Trung
CC-4434,Zacian VSTAR — Crown Zenith · #096/159,NM,2,Trung
CC-4435,Zeraora V — Crown Zenith · #053/159,NM,1,Trung
CC-4436,Zeraora VSTAR — Crown Zenith · #055/159,NM,2,Trung
CC-4437,Zeraora VSTAR — Crown Zenith · #055/159,NM,2,Trung
CC-4438,Zeraora VSTAR — Crown Zenith · #055/159,NM,2,Trung
CC-4439,Centiskorch VMAX — Darkness Ablaze · #034/189,NM,2,Trung
CC-4440,Eternatus V — Darkness Ablaze · #116/189,NM,2,Trung
CC-4441,Eternatus VMAX — Darkness Ablaze · #117/189,NM,5,Trung
CC-4442,Galarian Slowbro V — Darkness Ablaze · #099/189,NM,2,Trung
CC-4443,Galarian Slowbro V — Darkness Ablaze · #099/189,NM,2,Trung
CC-4444,Grimmsnarl V — Darkness Ablaze · #114/189,NM,1,Trung
CC-4445,Rhyperior V — Darkness Ablaze · #095/189,NM,1,Trung
CC-4446,Vikavolt V — Darkness Ablaze · #060/189,NM,1,Trung
CC-4447,Dondozo ex — Destined Rivals · #066/182,NM,1,Trung
CC-4450,Chansey — Evolutions · #70/108,NM,4,Trung
CC-4451,Charmander — Evolutions · #9/108,NM,1,Trung
CC-4453,Nidoking — Evolutions · #45/108,NM,5,Trung
CC-4454,Slowbro EX — Evolutions · #26/108,NM,4,Trung
CC-4455,Arctovish V — Evolving Skies · #048/203,NM,2,Trung
CC-4456,Aroma Lady (Full Art) — Evolving Skies · #199/203,NM,14,Trung
CC-4457,Copycat (Full Art) — Evolving Skies · #200/203,NM,3,Trung
CC-4458,Copycat (Full Art) — Evolving Skies · #200/203,NM,3,Trung
CC-4459,Dracozolt V — Evolving Skies · #058/203,NM,2,Trung
CC-4460,Dracozolt VMAX — Evolving Skies · #059/203,NM,2,Trung
CC-4461,Dracozolt VMAX — Evolving Skies · #059/203,NM,2,Trung
CC-4462,Duraludon V — Evolving Skies · #122/203,NM,1,Trung
CC-4463,Duraludon VMAX — Evolving Skies · #123/203,NM,2,Trung
CC-4464,Duraludon VMAX — Evolving Skies · #123/203,NM,2,Trung
CC-4465,Duraludon VMAX — Evolving Skies · #123/203,NM,2,Trung
CC-4466,Garbodor V — Evolving Skies · #100/203,NM,2,Trung
CC-4467,Garbodor VMAX — Evolving Skies · #101/203,NM,3,Trung
CC-4468,Glaceon V — Evolving Skies · #040/203,NM,3,Trung
CC-4469,Golurk V — Evolving Skies · #070/203,NM,1,Trung
CC-4470,Golurk V — Evolving Skies · #070/203,NM,1,Trung
CC-4471,Gyarados V — Evolving Skies · #028/203,NM,3,Trung
CC-4472,Lycanroc V — Evolving Skies · #091/203,NM,1,Trung
CC-4473,Lycanroc VMAX — Evolving Skies · #092/203,NM,3,Trung
CC-4474,Medicham V — Evolving Skies · #083/203,NM,1,Trung
CC-4475,Noivern V — Evolving Skies · #117/203,NM,1,Trung
CC-4476,Suicune V — Evolving Skies · #031/203,NM,2,Trung
CC-4477,Sylveon V — Evolving Skies · #074/203,NM,7,Trung
CC-4478,Trevenant VMAX — Evolving Skies · #014/203,NM,2,Trung
CC-4479,Volcarona V — Evolving Skies · #021/203,NM,1,Trung
CC-4480,Tsareena V (JP) — Fusion Arts · #011/100,NM,2,Trung
CC-4481,Appletun V — Fusion Strike · #026/264,NM,2,Trung
CC-4482,Boltund V — Fusion Strike · #103/264,NM,1,Trung
CC-4483,Breloom V — Fusion Strike · #006/264,NM,1,Trung
CC-4484,Chandelure V — Fusion Strike · #039/264,NM,1,Trung
CC-4485,Chandelure V — Fusion Strike · #039/264,NM,1,Trung
CC-4486,Chandelure VMAX — Fusion Strike · #040/264,NM,4,Trung
CC-4487,Cinderace V (43) — Fusion Strike · #043/264,NM,1,Trung
CC-4488,Cinderace V (44) — Fusion Strike · #044/264,NM,1,Trung
CC-4489,Crabominable V — Fusion Strike · #076/264,NM,1,Trung
CC-4490,Dodrio V — Fusion Strike · #201/264,NM,1,Trung
CC-4491,Dodrio V — Fusion Strike · #201/264,NM,1,Trung
CC-4492,Dodrio V — Fusion Strike · #201/264,NM,1,Trung
CC-4493,Genesect V — Fusion Strike · #185/264,NM,1,Trung
CC-4494,Greedent V — Fusion Strike · #217/264,NM,1,Trung
CC-4495,Greedent VMAX — Fusion Strike · #218/264,NM,2,Trung
CC-4496,Inteleon V — Fusion Strike · #078/264,NM,1,Trung
CC-4497,Inteleon VMAX — Fusion Strike · #079/264,NM,2,Trung
CC-4498,Inteleon VMAX — Fusion Strike · #079/264,NM,2,Trung
CC-4499,Lucario V — Fusion Strike · #146/264,NM,2,Trung
CC-4500,Pikachu V — Fusion Strike · #086/264,NM,4,Trung
CC-4501,Rillaboom V — Fusion Strike · #022/264,NM,1,Trung
CC-4502,Rillaboom V — Fusion Strike · #022/264,NM,1,Trung
CC-4503,Rillaboom V — Fusion Strike · #022/264,NM,1,Trung
CC-4504,Rillaboom VMAX — Fusion Strike · #023/264,NM,2,Trung
CC-4505,Rillaboom VMAX — Fusion Strike · #023/264,NM,2,Trung
CC-4506,Shauna (Full Art) — Fusion Strike · #263/264,NM,4,Trung
CC-4507,Tyranitar V — Fusion Strike · #158/264,NM,2,Trung
CC-4508,Tyranitar V — Fusion Strike · #158/264,NM,2,Trung
CC-4514,Aerodactyl V — Lost Origin · #092/196,NM,1,Trung
CC-4515,Aerodactyl VSTAR — Lost Origin · #093/196,NM,2,Trung
CC-4516,Delphox V — Lost Origin · #027/196,NM,1,Trung
CC-4517,Drapion V — Lost Origin · #118/196,NM,1,Trung
CC-4518,Drapion VSTAR — Lost Origin · #119/196,NM,2,Trung
CC-4519,Drapion VSTAR — Lost Origin · #119/196,NM,2,Trung
CC-4520,Galarian Perrserker V — Lost Origin · #129/196,NM,1,Trung
CC-4521,Giratina V — Lost Origin · #130/196,NM,3,Trung
CC-4522,Giratina VSTAR — Lost Origin · #131/196,NM,3,Trung
CC-4523,Giratina VSTAR — Lost Origin · #131/196,NM,3,Trung
CC-4524,Hisuian Goodra V — Lost Origin · #135/196,NM,1,Trung
CC-4525,Hisuian Goodra V — Lost Origin · #135/196,NM,1,Trung
CC-4526,Hisuian Zoroark VSTAR — Lost Origin · #147/196,NM,2,Trung
CC-4527,Hisuian Zoroark VSTAR — Lost Origin · #147/196,NM,2,Trung
CC-4529,Iscan (Full Art) — Lost Origin · #192/196,NM,2,Trung
CC-4530,Kyurem V — Lost Origin · #048/196,NM,1,Trung
CC-4533,Magnezone V — Lost Origin · #056/196,NM,1,Trung
CC-4534,Pidgeot V — Lost Origin · #137/196,NM,1,Trung
CC-4535,Pidgeot V — Lost Origin · #137/196,NM,1,Trung
CC-4536,Pidgeot V — Lost Origin · #137/196,NM,1,Trung
CC-4538,Radiant Steelix — Lost Origin · #124/196,NM,2,Trung
CC-4541,Hisuian Arcanine — Lost Origin Trainer Gallery · #TG08/TG30,NM,6,Trung
CC-4542,Hisuian Arcanine — Lost Origin Trainer Gallery · #TG08/TG30,NM,6,Trung
CC-4547,Celebi Prism Star — Lost Thunder · #19,NM,11,Trung
CC-4552,Mega Battle Deck (Mega Diancie ex) — Miscellaneous Cards & Products,UO,24,Trung
CC-4553,Clefable ex — Obsidian Flames · #082/197,NM,2,Trung
CC-4555,Decidueye ex — Obsidian Flames · #015/197,NM,1,Trung
CC-4556,Houndstone ex — Obsidian Flames · #102/197,NM,1,Trung
CC-4557,Ryme — Obsidian Flames · #221/197,NM,1,Trung
CC-4562,Mewtwo ex — Paradox Rift · #058/182,NM,3,Trung
CC-4563,Mewtwo ex — Paradox Rift · #058/182,NM,3,Trung
CC-4564,Mewtwo ex — Paradox Rift · #058/182,NM,3,Trung
CC-4565,Mewtwo ex — Paradox Rift · #058/182,NM,3,Trung
CC-4574,Mega Sharpedo ex — Phantasmal Flames · #061/094,NM,1,Trung
CC-4579,Alolan Exeggutor V — Pokemon Go · #005/078,NM,1,Trung
CC-4580,Conkeldurr V — Pokemon Go · #040/078,NM,1,Trung
CC-4581,Dragonite VSTAR — Pokemon Go · #050/078,NM,4,Trung
CC-4582,Dragonite VSTAR — Pokemon Go · #050/078,NM,4,Trung
CC-4583,Melmetal V — Pokemon Go · #047/078,NM,1,Trung
CC-4584,Melmetal VMAX — Pokemon Go · #048/078,NM,2,Trung
CC-4585,Melmetal VMAX — Pokemon Go · #048/078,NM,2,Trung
CC-4586,Mewtwo VSTAR — Pokemon Go · #031/078,NM,9,Trung
CC-4587,Mewtwo VSTAR — Pokemon Go · #031/078,NM,9,Trung
CC-4588,Slaking V — Pokemon Go · #058/078,NM,1,Trung
CC-4589,Boltund V — Rebel Clash · #067/192,NM,2,Trung
CC-4590,Cinderace V — Rebel Clash · #035/192,NM,1,Trung
CC-4591,Eldegoss V — Rebel Clash · #019/192,NM,1,Trung
CC-4592,Malamar V — Rebel Clash · #121/192,NM,1,Trung
CC-4593,Toxtricity VMAX — Rebel Clash · #071/192,NM,5,Trung
CC-4594,Alakazam ex — Scarlet & Violet Promo · #050,NM,1,Trung
CC-4595,Bloodmoon Ursaluna ex — Scarlet & Violet Promo · #177,NM,2,Trung
CC-4596,Bloodmoon Ursaluna ex — Scarlet & Violet Promo · #177,NM,2,Trung
CC-4597,Zapdos ex — Scarlet & Violet Promo · #049,NM,1,Trung
CC-4598,Bird Keeper (Full Art) — Shining Fates · #066/072,NM,3,Trung
CC-4599,Cramorant VMAX — Shining Fates · #055/072,NM,2,Trung
CC-4600,Cramorant VMAX — Shining Fates · #055/072,NM,2,Trung
CC-4601,Crobat V — Shining Fates · #044/072,NM,1,Trung
CC-4602,Crobat VMAX — Shining Fates · #045/072,NM,2,Trung
CC-4603,Dhelmise V — Shining Fates · #009/072,NM,1,Trung
CC-4604,Dhelmise VMAX — Shining Fates · #010/072,NM,2,Trung
CC-4605,Dhelmise VMAX — Shining Fates · #010/072,NM,2,Trung
CC-4606,Dhelmise VMAX — Shining Fates · #010/072,NM,2,Trung
CC-4607,Ditto V — Shining Fates · #050/072,NM,3,Trung
CC-4608,Greedent V — Shining Fates · #053/072,NM,1,Trung
CC-4609,Gym Trainer (Full Art) — Shining Fates · #068/072,NM,2,Trung
CC-4610,Gym Trainer (Full Art) — Shining Fates · #068/072,NM,2,Trung
CC-4611,Indeedee V — Shining Fates · #039/072,NM,1,Trung
CC-4612,Piers (Full Art) — Shining Fates · #069/072,NM,3,Trung
CC-4621,Centiskorch VMAX — Shining Fates: Shiny Vault · #SV109/SV122,NM,3,Trung
CC-4635,Lapras VMAX — Shining Fates: Shiny Vault · #SV111/SV122,NM,8,Trung
CC-4640,Sinistea — Shining Fates: Shiny Vault · #SV052/SV122,NM,4,Trung
CC-4643,Alolan Vulpix V — Silver Tempest · #033/195,NM,2,Trung
CC-4644,Alolan Vulpix VSTAR — Silver Tempest · #034/195,NM,3,Trung
CC-4645,Alolan Vulpix VSTAR — Silver Tempest · #034/195,NM,3,Trung
CC-4646,Alolan Vulpix VSTAR — Silver Tempest · #034/195,NM,3,Trung
CC-4647,Alolan Vulpix VSTAR — Silver Tempest · #034/195,NM,3,Trung
CC-4648,Chesnaught V — Silver Tempest · #015/195,NM,1,Trung
CC-4651,Hisuian Arcanine V — Silver Tempest · #090/195,NM,2,Trung
CC-4652,Hisuian Arcanine V — Silver Tempest · #090/195,NM,2,Trung
CC-4653,Hisuian Arcanine V — Silver Tempest · #090/195,NM,2,Trung
CC-4655,Magearna V — Silver Tempest · #128/195,NM,1,Trung
CC-4656,Mawile V — Silver Tempest · #070/195,NM,1,Trung
CC-4657,Mawile V — Silver Tempest · #070/195,NM,1,Trung
CC-4658,Mawile VSTAR — Silver Tempest · #071/195,NM,2,Trung
CC-4659,Mawile VSTAR — Silver Tempest · #071/195,NM,2,Trung
CC-4660,Omastar V — Silver Tempest · #035/195,NM,2,Trung
CC-4661,Omastar V — Silver Tempest · #035/195,NM,2,Trung
CC-4688,Regidrago V — Silver Tempest · #135/195,NM,1,Trung
CC-4689,Regidrago V — Silver Tempest · #135/195,NM,1,Trung
CC-4690,Regidrago V — Silver Tempest · #135/195,NM,1,Trung
CC-4691,Regidrago V — Silver Tempest · #135/195,NM,1,Trung
CC-4692,Regidrago VSTAR — Silver Tempest · #136/195,NM,2,Trung
CC-4693,Regieleki V — Silver Tempest · #057/195,NM,1,Trung
CC-4694,Regieleki V — Silver Tempest · #057/195,NM,1,Trung
CC-4695,Regieleki V — Silver Tempest · #057/195,NM,1,Trung
CC-4698,Reshiram V — Silver Tempest · #024/195,NM,2,Trung
CC-4699,Serperior V — Silver Tempest · #007/195,NM,1,Trung
CC-4700,Serperior V — Silver Tempest · #007/195,NM,1,Trung
CC-4701,Serperior V — Silver Tempest · #007/195,NM,1,Trung
CC-4702,Serperior V — Silver Tempest · #007/195,NM,1,Trung
CC-4703,Serperior VSTAR — Silver Tempest · #008/195,NM,2,Trung
CC-4704,Serperior VSTAR — Silver Tempest · #008/195,NM,2,Trung
CC-4705,Serperior VSTAR — Silver Tempest · #008/195,NM,2,Trung
CC-4706,Serperior VSTAR — Silver Tempest · #008/195,NM,2,Trung
CC-4707,Skuntank V — Silver Tempest · #108/195,NM,1,Trung
CC-4708,Skuntank V — Silver Tempest · #108/195,NM,1,Trung
CC-4709,Skuntank V — Silver Tempest · #108/195,NM,1,Trung
CC-4711,Unown V — Silver Tempest · #065/195,NM,2,Trung
CC-4712,Unown VSTAR — Silver Tempest · #066/195,NM,2,Trung
CC-4713,Ursaluna V — Silver Tempest · #102/195,NM,1,Trung
CC-4723,Raihan — Silver Tempest Trainer Gallery · #TG27/TG30,NM,4,Trung
CC-4726,Sordward & Shielbert — Silver Tempest Trainer Gallery · #TG28/TG30,NM,2,Trung
CC-4727,Steelix EX — Steam Siege · #67,NM,3,Trung
CC-4728,Volcanion EX — Steam Siege · #26,NM,3,Trung
CC-4729,Gumshoos GX — Sun & Moon Base Set · #110,NM,1,Trung
CC-4730,Incineroar GX — Sun & Moon Base Set · #27,NM,3,Trung
CC-4731,Lurantis GX — Sun & Moon Base Set · #15,NM,2,Trung
CC-4733,Tauros GX — Sun & Moon Base Set · #100,NM,4,Trung
CC-4734,Bewear GX — Sun & Moon Promo · #SM34,NM,3,Trung
CC-4739,Palossand ex — Surging Sparks · #091/191,NM,1,Trung
CC-4740,Surfer — Surging Sparks · #235/191,NM,2,Trung
CC-4743,Cramorant V — Sword & Shield Base Set · #155/202,NM,1,Trung
CC-4744,Indeedee V — Sword & Shield Base Set · #091/202,NM,1,Trung
CC-4745,Lapras V — Sword & Shield Base Set · #049/202,NM,3,Trung
CC-4746,Morpeko V — Sword & Shield Base Set · #079/202,NM,2,Trung
CC-4747,Regirock V — Sword & Shield Base Set · #104/202,NM,2,Trung
CC-4748,Sableye V — Sword & Shield Base Set · #120/202,NM,3,Trung
CC-4749,Stonjourner V — Sword & Shield Base Set · #115/202,NM,1,Trung
CC-4750,Torkoal V — Sword & Shield Base Set · #024/202,NM,1,Trung
CC-4751,Victini V — Sword & Shield Base Set · #025/202,NM,2,Trung
CC-4752,Wobbuffet V — Sword & Shield Base Set · #086/202,NM,2,Trung
CC-4753,Alolan Exeggutor V — Sword & Shield Promo · #SWSH225,NM,1,Trung
CC-4754,Blanche — Sword & Shield Promo · #SWSH227,NM,3,Trung
CC-4755,Candela — Sword & Shield Promo · #SWSH228,NM,3,Trung
CC-4756,Crobat VMAX — Sword & Shield Promo · #SWSH099,NM,3,Trung
CC-4757,Dark Sylveon V — Sword & Shield Promo · #SWSH134,NM,8,Trung
CC-4758,Deoxys VSTAR — Sword & Shield Promo · #SWSH268,NM,8,Trung
CC-4759,Dragapult VMAX — Sword & Shield Promo · #SWSH097,NM,3,Trung
CC-4760,Dragonite V — Sword & Shield Promo · #SWSH154,NM,7,Trung
CC-4761,Dubwool V — Sword & Shield Promo · #SWSH049,NM,1,Trung
CC-4762,Empoleon V — Sword & Shield Promo · #SWSH108,NM,1,Trung
CC-4763,Eternatus V — Sword & Shield Promo · #SWSH064,NM,2,Trung
CC-4764,Eternatus VMAX — Sword & Shield Promo · #SWSH045,NM,3,Trung
CC-4765,Glaceon VSTAR — Sword & Shield Promo · #SWSH197,NM,4,Trung
CC-4766,Hatterene V — Sword & Shield Promo · #SWSH055,NM,1,Trung
CC-4767,Hoopa V — Sword & Shield Promo · #SWSH176,NM,1,Trung
CC-4768,Inteleon V — Sword & Shield Promo · #SWSH016,NM,2,Trung
CC-4769,Leafeon VSTAR — Sword & Shield Promo · #SWSH195,NM,3,Trung
CC-4770,Lucario VSTAR — Sword & Shield Promo · #SWSH214,NM,3,Trung
CC-4772,Origin Forme Dialga VSTAR — Sword & Shield Promo · #SWSH256,NM,3,Trung
CC-4773,Origin Forme Palkia VSTAR — Sword & Shield Promo · #SWSH254,NM,2,Trung
CC-4774,Pikachu V — Sword & Shield Promo · #SWSH061,NM,3,Trung
CC-4775,Pikachu V — Sword & Shield Promo · #SWSH061,NM,3,Trung
CC-4776,Pikachu V — Sword & Shield Promo · #SWSH061,NM,3,Trung
CC-4777,Pikachu V — Sword & Shield Promo · #SWSH285,NM,5,Trung
CC-4778,Pikachu V — Sword & Shield Promo · #SWSH063,NM,7,Trung
CC-4780,Pikachu V — Sword & Shield Promo · #SWSH198,NM,4,Trung
CC-4781,Pikachu V — Sword & Shield Promo · #SWSH198,NM,4,Trung
CC-4783,Regidrago V — Sword & Shield Promo · #SWSH281,NM,1,Trung
CC-4784,Rillaboom V — Sword & Shield Promo · #SWSH014,NM,1,Trung
CC-4785,Shadow Rider Calyrex V — Sword & Shield Promo · #SWSH131,NM,2,Trung
CC-4786,Spark — Sword & Shield Promo · #SWSH226,NM,3,Trung
CC-4788,Zacian V — Sword & Shield Promo · #SWSH018,NM,2,Trung
CC-4789,Zamazenta V — Sword & Shield Promo · #SWSH019,NM,2,Trung
CC-4790,Miraidon ex — Temporal Forces · #122/162,NM,1,Trung
CC-4791,Hisuian Lilligant V (JP) — Time Gazer · #007/067,NM,3,Trung
CC-4792,Lugia ex — Trading Card Game Classic · #017/034,NM,2,Trung
CC-4793,Palafin ex — Twilight Masquerade · #061/167,NM,1,Trung
CC-4794,Aegislash V — Vivid Voltage · #126/185,NM,1,Trung
CC-4795,Ampharos V — Vivid Voltage · #049/185,NM,1,Trung
CC-4797,Coalossal V — Vivid Voltage · #098/185,NM,1,Trung
CC-4798,Coalossal VMAX — Vivid Voltage · #099/185,NM,2,Trung
CC-4799,Drapion V — Vivid Voltage · #106/185,NM,1,Trung
CC-4800,Galarian Darmanitan V — Vivid Voltage · #036/185,NM,1,Trung
CC-4801,Orbeetle V — Vivid Voltage · #020/185,NM,1,Trung
CC-4802,Orbeetle VMAX — Vivid Voltage · #021/185,NM,2,Trung
CC-4803,Orbeetle VMAX — Vivid Voltage · #021/185,NM,2,Trung
CC-4804,Pikachu V — Vivid Voltage · #043/185,NM,3,Trung
CC-4805,Pikachu V — Vivid Voltage · #043/185,NM,3,Trung
CC-4807,Steelix V — Vivid Voltage · #115/185,NM,1,Trung
CC-4808,Steelix V — Vivid Voltage · #115/185,NM,1,Trung
CC-4809,Talonflame V — Vivid Voltage · #029/185,NM,1,Trung
CC-4810,Togekiss VMAX — Vivid Voltage · #141/185,NM,2,Trung
CC-4812,Zarude V — Vivid Voltage · #022/185,NM,1,Trung
CC-4846,Budew — Ascended Heroes · #221/217,NM,7,Andy
CC-4847,Heliolisk — Ascended Heroes · #229/217,NM,3,Andy
CC-4848,Marill — Ascended Heroes · #232/217,NM,13,Andy
CC-4849,Mawile — Ascended Heroes · #246/217,NM,6,Andy
CC-4850,Darkrai VSTAR — Astral Radiance · #099/189,NM,3,Andy
CC-4851,Galarian Obstagoon — Astral Radiance Trainer Gallery · #TG10/TG30,NM,3,Andy
CC-4852,Galarian Obstagoon — Astral Radiance Trainer Gallery · #TG10/TG30,NM,3,Andy
CC-4853,Mightyena — Astral Radiance Trainer Gallery · #TG09/TG30,NM,5,Andy
CC-4854,Dewgong — Base Set (1st Edition & Shadowless) · #25,HP,5,Andy
CC-4855,Diglett — Base Set (1st Edition & Shadowless) · #47,MP,1,Andy
CC-4856,Gastly — Base Set (1st Edition & Shadowless) · #50,MP,35,Andy
CC-4857,Onix — Base Set (1st Edition & Shadowless) · #56,HP,1,Andy
CC-4858,Pokemon Trader — Base Set (1st Edition & Shadowless) · #77,MP,4,Andy
CC-4859,Ponyta — Base Set (1st Edition & Shadowless) · #60,MP,1,Andy
CC-4860,Rattata — Base Set (1st Edition & Shadowless) · #61,MP,1,Andy
CC-4861,Rattata — Base Set (1st Edition & Shadowless) · #61,MP,1,Andy
CC-4862,Super Energy Removal — Base Set (1st Edition & Shadowless) · #79,MP,7,Andy
CC-4863,Kangaskhan — Base Set 2 · #26,HP,3,Andy
CC-4864,Pidgeotto — Base Set 2 · #28,LP,5,Andy
CC-4865,Snorlax — Base Set 2 · #30,LP,25,Andy
CC-4866,Antique Cover Fossil (Poke Ball Pattern) — Black Bolt · #080/086,NM,1,Andy
CC-4867,Reshiram - 017/094 (Cosmos Holo) — Blister Exclusives · #017/094,NM,6,Andy
CC-4868,Arceus V — Brilliant Stars · #122/172,NM,4,Andy
CC-4869,Alcremie — Brilliant Stars Trainer Gallery · #TG08/TG30,NM,4,Andy
CC-4870,Alcremie — Brilliant Stars Trainer Gallery · #TG08/TG30,NM,4,Andy
CC-4871,Alcremie — Brilliant Stars Trainer Gallery · #TG08/TG30,NM,4,Andy
CC-4872,Dusknoir — Brilliant Stars Trainer Gallery · #TG06/TG30,NM,4,Andy
CC-4873,Octillery — Brilliant Stars Trainer Gallery · #TG03/TG30,NM,4,Andy
CC-4874,Oranguru — Brilliant Stars Trainer Gallery · #TG12/TG30,NM,3,Andy
CC-4875,Oranguru — Brilliant Stars Trainer Gallery · #TG12/TG30,NM,3,Andy
CC-4876,Flying Pikachu V — Celebrations · #006/025,NM,5,Andy
CC-4877,Flying Pikachu V — Celebrations · #006/025,NM,5,Andy
CC-4878,Flying Pikachu VMAX — Celebrations · #007/025,NM,9,Andy
CC-4879,Professor's Research (Full Art) — Celebrations · #024/025,NM,2,Andy
CC-4880,Surfing Pikachu V — Celebrations · #008/025,NM,7,Andy
CC-4881,Surfing Pikachu VMAX — Celebrations · #009/025,NM,8,Andy
CC-4882,Surfing Pikachu VMAX — Celebrations · #009/025,NM,8,Andy
CC-4883,Claydol — Celebrations: Classic Collection · #15/106,NM,1,Andy
CC-4884,Dark Gyarados — Celebrations: Classic Collection · #8/82,NM,6,Andy
CC-4885,Donphan (Prime) — Celebrations: Classic Collection · #107/123,NM,2,Andy
CC-4886,Garchomp C LV.X — Celebrations: Classic Collection · #145/147,NM,6,Andy
CC-4887,Luxray GL LV.X — Celebrations: Classic Collection · #109/111,NM,5,Andy
CC-4888,Rocket's Admin — Celebrations: Classic Collection · #86/109,NM,1,Andy
CC-4889,Rocket's Zapdos — Celebrations: Classic Collection · #15/132,NM,10,Andy
CC-4890,Team Magma's Groudon — Celebrations: Classic Collection · #9/95,NM,2,Andy
CC-4891,Guzzlord — Cosmic Eclipse · #136/236,NM,8,Andy
CC-4892,Weavile (Secret) — Cosmic Eclipse · #238/236,NM,14,Andy
CC-4893,Wishiwashi (Secret) — Cosmic Eclipse · #240/236,NM,20,Andy
CC-4894,Electivire ex — Destined Rivals · #069/182,NM,1,Andy
CC-4895,Team Rocket's Persian ex — Destined Rivals · #150/182,NM,1,Andy
CC-4896,Charmander — Evolutions · #9/108,NM,3,Andy
CC-4897,Energy Search — Fossil · #59,LP,1,Andy
CC-4898,Golem — Fossil · #36,LP,2,Andy
CC-4899,Hypno (23) — Fossil · #23,LP,5,Andy
CC-4900,Lapras (25) — Fossil · #25,LP,8,Andy
CC-4901,Lapras (25) — Fossil · #25,D,4,Andy
CC-4902,Tentacool — Fossil · #56,LP,2,Andy
CC-4903,Greninja V — Fusion Strike · #073/264,NM,4,Andy
CC-4904,Alolan Ninetales GX — Guardians Rising · #22/145,NM,8,Andy
CC-4905,Brock's Rhyhorn (22) — Gym Heroes · #22,LP,11,Andy
CC-4906,Lt. Surge's Electabuzz (27) — Gym Heroes · #27,LP,8,Andy
CC-4907,Misty's Goldeen (30) — Gym Heroes · #30,LP,6,Andy
CC-4908,Giovanni's Exile (Full Art) — Hidden Fates · #67/68,NM,5,Andy
CC-4909,Raichu GX — Hidden Fates · #20/68,NM,4,Andy
CC-4910,Glaceon GX — Hidden Fates: Shiny Vault · #SV55/SV94,PSA 10,148,Andy
CC-4911,Inkay — Hidden Fates: Shiny Vault · #SV17/SV94,NM,3,Andy
CC-4912,Leafeon GX — Hidden Fates: Shiny Vault · #SV46/SV94,PSA 10,224,Andy
CC-4913,Magnezone — Hidden Fates: Shiny Vault · #SV29/SV94,NM,4,Andy
CC-4914,Alcremie ex — Journey Together · #075/159,NM,1,Andy
CC-4915,Iono's Bellibolt ex — Journey Together · #053/159,NM,1,Andy
CC-4916,N's Zoroark ex — Journey Together · #098/159,NM,2,Andy
CC-4917,Tapu Koko ex — Journey Together · #051/159,NM,1,Andy
CC-4918,Snorlax ex (Prismatic Evolution Stamped) — Jumbo Cards · #076/131,NM,5,Andy
CC-4919,Kangaskhan — Jungle · #21,HP,4,Andy
CC-4920,Vileplume — Jungle · #31,HP,5,Andy
CC-4921,Golem — Legendary Collection · #24,NM,6,Andy
CC-4922,Gallade V (Full Art) — Lost Origin · #181/196,NM,3,Andy
CC-4923,Kyurem VMAX — Lost Origin · #049/196,NM,3,Andy
CC-4924,Kyurem VMAX — Lost Origin · #049/196,NM,3,Andy
CC-4925,Lost Origin Elite Trainer Box — Lost Origin,UO,196,Andy
CC-4926,Radiant Gardevoir — Lost Origin · #069/196,NM,2,Andy
CC-4927,Adventurer's Discovery — Lost Origin Trainer Gallery · #TG23/TG30,NM,5,Andy
CC-4928,Castform — Lost Origin Trainer Gallery · #TG11/TG30,NM,3,Andy
CC-4929,Chandelure — Lost Origin Trainer Gallery · #TG04/TG30,NM,5,Andy
CC-4930,Chandelure — Lost Origin Trainer Gallery · #TG04/TG30,NM,5,Andy
CC-4931,Eternatus V — Lost Origin Trainer Gallery · #TG21/TG30,NM,6,Andy
CC-4932,Hisuian Arcanine — Lost Origin Trainer Gallery · #TG08/TG30,NM,6,Andy
CC-4933,Parasect — Lost Origin Trainer Gallery · #TG01/TG30,NM,5,Andy
CC-4934,Roserade — Lost Origin Trainer Gallery · #TG02/TG30,NM,4,Andy
CC-4935,Spiritomb — Lost Origin Trainer Gallery · #TG09/TG30,NM,4,Andy
CC-4936,Gumshoos — Mega Evolution · #153/132,NM,3,Andy
CC-4937,Mega Camerupt ex — Mega Evolution · #022/132,NM,1,Andy
CC-4938,Mega Camerupt ex — Mega Evolution · #022/132,NM,1,Andy
CC-4939,Mega Latias ex — Mega Evolution · #100/132,NM,1,Andy
CC-4940,Mega Manectric ex — Mega Evolution · #050/132,NM,1,Andy
CC-4941,Premium Power Pro — Mega Evolution · #174/132,NM,2,Andy
CC-4959,Blissey ex (Twilight Masquerade Stamped) — Miscellaneous Cards & Products · #134/167,NM,1,Andy
CC-4960,Boss's Orders (Cyrus) (Cosmos Holo) — Miscellaneous Cards & Products · #132/172,NM,1,Andy
CC-4961,Boss's Orders (Cyrus) (Cosmos Holo) — Miscellaneous Cards & Products · #132/172,NM,1,Andy
CC-4962,Boss's Orders (Cyrus) (Cosmos Holo) — Miscellaneous Cards & Products · #132/172,NM,1,Andy
CC-4963,Boss's Orders (Cyrus) (Cosmos Holo) — Miscellaneous Cards & Products · #132/172,NM,1,Andy
CC-4964,Boss's Orders (Cyrus) (Cosmos Holo) — Miscellaneous Cards & Products · #132/172,NM,1,Andy
CC-4965,Boss's Orders (Cyrus) (Cosmos Holo) — Miscellaneous Cards & Products · #132/172,NM,1,Andy
CC-4966,Boss's Orders (Cyrus) (Cosmos Holo) — Miscellaneous Cards & Products · #132/172,NM,1,Andy
CC-4967,Froakie (Cosmos Holo) — Miscellaneous Cards & Products · #056/197,NM,1,Andy
CC-4968,Frogadier (Cosmos Holo) — Miscellaneous Cards & Products · #057/197,NM,1,Andy
CC-4969,Greninja ex (Stellar Crown Stamped) — Miscellaneous Cards & Products · #041/142,NM,2,Andy
CC-4970,Kingdra ex (Shrouded Fable Stamped) — Miscellaneous Cards & Products · #012/064,NM,1,Andy
CC-4971,Latias ex (Surging Sparks) — Miscellaneous Cards & Products · #076/191,NM,6,Andy
CC-4972,Lugia ex (Prismatic Evolutions Stamped) — Miscellaneous Cards & Products · #082/131,NM,9,Andy
CC-4973,Butterfree — Neo Discovery · #19,LP,4,Andy
CC-4974,Donphan — Neo Genesis · #21,MP,5,Andy
CC-4975,Murkrow — Neo Genesis · #24,MP,4,Andy
CC-4976,Absol ex — Obsidian Flames · #135/197,NM,2,Andy
CC-4977,Eiscue ex — Obsidian Flames · #210/197,NM,2,Andy
CC-4978,Larvitar — Obsidian Flames · #203/197,NM,7,Andy
CC-4979,Melmetal ex — Obsidian Flames · #153/197,NM,2,Andy
CC-4980,Lycanroc ex — Paldea Evolved · #241/193,NM,3,Andy
CC-4981,Annihilape — Paldean Fates · #171/091,NM,5,Andy
CC-4982,Charizard ex — Paldean Fates · #054/091,NM,6,Andy
CC-4983,Espathra ex — Paldean Fates · #006/091,NM,1,Andy
CC-4984,Forretress ex — Paldean Fates · #002/091,NM,1,Andy
CC-4985,Iron Treads ex — Paldean Fates · #066/091,NM,1,Andy
CC-4986,Smoliv — Paldean Fates · #102/091,NM,7,Andy
CC-4987,Jacinthe — Perfect Order · #110/088,NM,3,Andy
CC-4988,Mega Diancie ex — Phantasmal Flames · #041/094,NM,1,Andy
CC-4989,Mega Diancie ex — Phantasmal Flames · #041/094,NM,1,Andy
CC-4990,Mega Sharpedo ex — Phantasmal Flames · #061/094,NM,1,Andy
CC-4991,Nymble — Phantasmal Flames · #096/094,NM,2,Andy
CC-4992,Nymble — Phantasmal Flames · #096/094,NM,2,Andy
CC-4993,Toxtricity — Phantasmal Flames · #103/094,NM,3,Andy
CC-4994,Mega Excadrill ex — Pitch Black · #065/084,NM,1,Andy
CC-4995,Toucannon — Pitch Black · #094/084,NM,3,Andy
CC-4996,Blastoise — Pokemon Go · #017/078,NM,3,Andy
CC-4997,Iron Hands ex — Prismatic Evolutions · #031/131,NM,1,Andy
CC-4998,Maximum Belt — Prismatic Evolutions · #117/131,NM,1,Andy
CC-4999,Professor's Research [Professor Oak] (Poke Ball Pattern) — Prismatic Evolutions · #122/131,NM,1,Andy
CC-5000,Scoop Up Cyclone — Prismatic Evolutions · #128/131,NM,1,Andy
CC-5001,Teal Mask Ogerpon ex — Prismatic Evolutions · #012/131,NM,3,Andy
CC-5002,Arcanine ex — Scarlet & Violet Base Set · #032/198,NM,2,Andy
CC-5014,Walking Wake ex — Scarlet & Violet Promo · #127,NM,1,Andy
CC-5015,Morpeko VMAX — Shining Fates · #038/072,NM,4,Andy
CC-5016,Reshiram — Shining Fates · #017/072,NM,2,Andy
CC-5017,Reshiram — Shining Fates · #017/072,NM,2,Andy
CC-5018,Rose (Full Art) — Shining Fates · #071/072,NM,2,Andy
CC-5019,Rose (Full Art) — Shining Fates · #071/072,NM,2,Andy
CC-5020,Yveltal — Shining Fates · #046/072,NM,2,Andy
CC-5021,Yveltal — Shining Fates · #046/072,NM,2,Andy
CC-5022,Blipbug — Shining Fates: Shiny Vault · #SV007/SV122,NM,2,Andy
CC-5023,Chewtle — Shining Fates: Shiny Vault · #SV028/SV122,NM,3,Andy
CC-5024,Clobbopus — Shining Fates: Shiny Vault · #SV072/SV122,NM,3,Andy
CC-5025,Copperajah — Shining Fates: Shiny Vault · #SV091/SV122,NM,2,Andy
CC-5026,Cramorant — Shining Fates: Shiny Vault · #SV030/SV122,NM,2,Andy
CC-5027,Decidueye — Shining Fates: Shiny Vault · #SV003/SV122,NM,7,Andy
CC-5028,Dragapult — Shining Fates: Shiny Vault · #SV062/SV122,NM,3,Andy
CC-5029,Galarian Mr. Rime — Shining Fates: Shiny Vault · #SV021/SV122,NM,2,Andy
CC-5030,Galarian Obstagoon — Shining Fates: Shiny Vault · #SV080/SV122,NM,4,Andy
CC-5031,Galarian Ponyta — Shining Fates: Shiny Vault · #SV047/SV122,NM,17,Andy
CC-5032,Galarian Runerigus — Shining Fates: Shiny Vault · #SV066/SV122,NM,4,Andy
CC-5033,Galarian Sirfetch'd — Shining Fates: Shiny Vault · #SV064/SV122,NM,2,Andy
CC-5034,Hatenna — Shining Fates: Shiny Vault · #SV054/SV122,NM,4,Andy
CC-5035,Impidimp — Shining Fates: Shiny Vault · #SV083/SV122,NM,3,Andy
CC-5036,Orbeetle — Shining Fates: Shiny Vault · #SV009/SV122,NM,3,Andy
CC-5037,Rillaboom — Shining Fates: Shiny Vault · #SV006/SV122,NM,4,Andy
CC-5038,Rolycoly — Shining Fates: Shiny Vault · #SV067/SV122,NM,2,Andy
CC-5039,Rotom — Shining Fates: Shiny Vault · #SV038/SV122,NM,6,Andy
CC-5040,Snom — Shining Fates: Shiny Vault · #SV033/SV122,NM,6,Andy
CC-5041,Swanna — Shining Fates: Shiny Vault · #SV096/SV122,NM,3,Andy
CC-5042,Fezandipiti ex — Shrouded Fable · #038/064,NM,4,Andy
CC-5043,Gapejaw Bog — Silver Tempest · #213/195,NM,3,Andy
CC-5044,Ho-oh V — Silver Tempest · #140/195,NM,4,Andy
CC-5045,Radiant Alakazam — Silver Tempest · #059/195,NM,2,Andy
CC-5046,Radiant Alakazam — Silver Tempest · #059/195,NM,2,Andy
CC-5047,Radiant Alakazam — Silver Tempest · #059/195,NM,2,Andy
CC-5048,Radiant Alakazam — Silver Tempest · #059/195,NM,2,Andy
CC-5049,Radiant Alakazam — Silver Tempest · #059/195,NM,2,Andy
CC-5050,Radiant Alakazam — Silver Tempest · #059/195,NM,2,Andy
CC-5051,Radiant Jirachi — Silver Tempest · #120/195,NM,3,Andy
CC-5052,Radiant Jirachi — Silver Tempest · #120/195,NM,3,Andy
CC-5053,Radiant Jirachi — Silver Tempest · #120/195,NM,3,Andy
CC-5054,Radiant Jirachi — Silver Tempest · #120/195,NM,3,Andy
CC-5055,Radiant Jirachi — Silver Tempest · #120/195,NM,3,Andy
CC-5056,Radiant Jirachi — Silver Tempest · #120/195,NM,3,Andy
CC-5057,Radiant Jirachi — Silver Tempest · #120/195,NM,3,Andy
CC-5058,Radiant Tsareena — Silver Tempest · #016/195,NM,1,Andy
CC-5059,Radiant Tsareena — Silver Tempest · #016/195,NM,1,Andy
CC-5060,Radiant Tsareena — Silver Tempest · #016/195,NM,1,Andy
CC-5061,Altaria — Silver Tempest Trainer Gallery · #TG11/TG30,NM,7,Andy
CC-5062,Braixen — Silver Tempest Trainer Gallery · #TG01/TG30,NM,6,Andy
CC-5063,Druddigon — Silver Tempest Trainer Gallery · #TG09/TG30,NM,5,Andy
CC-5064,Flaaffy — Silver Tempest Trainer Gallery · #TG03/TG30,NM,6,Andy
CC-5065,Jynx — Silver Tempest Trainer Gallery · #TG04/TG30,NM,4,Andy
CC-5066,Jynx — Silver Tempest Trainer Gallery · #TG04/TG30,NM,4,Andy
CC-5067,Jynx — Silver Tempest Trainer Gallery · #TG04/TG30,NM,4,Andy
CC-5068,Malamar — Silver Tempest Trainer Gallery · #TG06/TG30,NM,2,Andy
CC-5069,Malamar — Silver Tempest Trainer Gallery · #TG06/TG30,NM,2,Andy
CC-5070,Malamar — Silver Tempest Trainer Gallery · #TG06/TG30,NM,2,Andy
CC-5071,Passimian — Silver Tempest Trainer Gallery · #TG08/TG30,NM,2,Andy
CC-5072,Passimian — Silver Tempest Trainer Gallery · #TG08/TG30,NM,2,Andy
CC-5073,Zeraora V — Silver Tempest Trainer Gallery · #TG16/TG30,NM,14,Andy
CC-5074,Zeraora — Stellar Crown · #151/142,NM,14,Andy
CC-5075,Solgaleo GX — Sun & Moon Base Set · #89,NM,4,Andy
CC-5076,Eevee & Snorlax GX — Sun & Moon Promo · #SM169,NM,195,Andy
CC-5077,Lunala GX — Sun & Moon Promo · #SM17,NM,5,Andy
CC-5078,Raichu GX — Sun & Moon Promo · #SM213,NM,3,Andy
CC-5079,Alolan Dugtrio — Surging Sparks · #208/191,NM,10,Andy
CC-5080,Brilliant Blender — Surging Sparks · #164/191,NM,1,Andy
CC-5081,Surging Sparks Elite Trainer Box — Surging Sparks,UO,127,Andy
CC-5082,Surging Sparks Elite Trainer Box — Surging Sparks,UO,127,Andy
CC-5083,Psyduck — SV: 151 · #175/165,NM,64,Andy
CC-5084,Venusaur ex — SV: 151 · #198/165,NM,120,Andy
CC-5085,Zapdos ex — SV: 151 · #202/165,NM,92,Andy
CC-5086,Charizard V — Sword & Shield Promo · #SWSH050,NM,14,Andy
CC-5087,Deoxys V — Sword & Shield Promo · #SWSH266,NM,3,Andy
CC-5088,Eevee — Sword & Shield Promo · #SWSH127,NM,4,Andy
CC-5089,Eevee — Sword & Shield Promo · #SWSH127,NM,4,Andy
CC-5090,Eevee — Sword & Shield Promo · #SWSH127,NM,4,Andy
CC-5091,Eevee — Sword & Shield Promo · #SWSH127,NM,4,Andy
CC-5092,Eevee — Sword & Shield Promo · #SWSH127,NM,4,Andy
CC-5093,Eevee — Sword & Shield Promo · #SWSH127,NM,4,Andy
CC-5094,Eevee — Sword & Shield Promo · #SWSH127,NM,4,Andy
CC-5095,Espeon — Sword & Shield Promo · #SWSH174,NM,16,Andy
CC-5096,Galarian Slowpoke — Sword & Shield Promo · #SWSH126,NM,8,Andy
CC-5097,Inteleon (Prerelease) — Sword & Shield Promo · #SWSH113,NM,3,Andy
CC-5098,Inteleon (Prerelease) — Sword & Shield Promo · #SWSH113,NM,3,Andy
CC-5099,Pikachu V — Sword & Shield Promo · #SWSH063,NM,7,Andy
CC-5100,Scorbunny (Cosmos Holo) — Sword & Shield Promo · #SWSH244,NM,2,Andy
CC-5101,Scorbunny (Cosmos Holo) — Sword & Shield Promo · #SWSH244,NM,2,Andy
CC-5102,Scorbunny (Cosmos Holo) — Sword & Shield Promo · #SWSH244,NM,2,Andy
CC-5103,Scorbunny (Cosmos Holo) — Sword & Shield Promo · #SWSH244,NM,2,Andy
CC-5104,Scorbunny (Cosmos Holo) — Sword & Shield Promo · #SWSH244,NM,2,Andy
CC-5105,Scorbunny (Cosmos Holo) — Sword & Shield Promo · #SWSH244,NM,2,Andy
CC-5106,Scorbunny (Cosmos Holo) — Sword & Shield Promo · #SWSH244,NM,2,Andy
CC-5107,Scorbunny (Cosmos Holo) — Sword & Shield Promo · #SWSH244,NM,2,Andy
CC-5108,Scorbunny (Cosmos Holo) — Sword & Shield Promo · #SWSH244,NM,2,Andy
CC-5109,Scorbunny (Cosmos Holo) — Sword & Shield Promo · #SWSH244,NM,2,Andy
CC-5110,Squirtle — Sword & Shield Promo · #SWSH233,NM,19,Andy
CC-5111,Sylveon V — Sword & Shield Promo · #SWSH202,NM,5,Andy
CC-5112,Zacian LV. X — Sword & Shield Promo · #SWSH135,NM,4,Andy
CC-5113,Eevee & Snorlax GX — Team Up · #120,NM,92,Andy
CC-5114,Gastly — Temporal Forces · #177/162,NM,97,Andy
CC-5115,Iron Thorns ex — Twilight Masquerade · #077/167,NM,1,Andy
CC-5116,Celebi — Vivid Voltage · #009/185,NM,8,Andy
CC-5117,Charizard — Vivid Voltage · #025/185,NM,5,Andy
CC-5118,Charizard — Vivid Voltage · #025/185,NM,5,Andy
CC-5119,Raikou — Vivid Voltage · #050/185,NM,7,Andy
CC-5120,Zamazenta — Vivid Voltage · #102/185,NM,3,Andy
CC-5121,Abra — Base Set (1st Edition & Shadowless) · #43,LP,38,Jordan and Marcus
CC-5122,Haunter — Base Set (1st Edition & Shadowless) · #29,LP,3,Jordan and Marcus
CC-5123,Magikarp — Base Set (1st Edition & Shadowless) · #35,MP,147,Jordan and Marcus
CC-5124,Magneton — Base Set (1st Edition & Shadowless) · #9,MP,56,Jordan and Marcus
CC-5125,Venusaur — Base Set 2 · #18,HP,66,Jordan and Marcus
CC-5126,Blastoise — Base Set (Unlimited) · #2,HP,127,Jordan and Marcus
CC-5127,Chansey — Base Set (Unlimited) · #3,MP,48,Jordan and Marcus
CC-5128,Clefairy — Base Set (Unlimited) · #5,LP,44,Jordan and Marcus
CC-5129,Gyarados — Base Set (Unlimited) · #6,MP,34,Jordan and Marcus
CC-5130,Mewtwo — Base Set (Unlimited) · #10,HP,48,Jordan and Marcus
CC-5131,Ninetales — Base Set (Unlimited) · #12,NM,38,Jordan and Marcus
CC-5132,Ninetales — Base Set (Unlimited) · #12,MP,27,Jordan and Marcus
CC-5133,Ninetales — Base Set (Unlimited) · #12,LP,33,Jordan and Marcus
CC-5134,Pikachu — Base Set (Unlimited) · #58,LP,12,Jordan and Marcus
CC-5135,Raichu — Base Set (Unlimited) · #14,HP,45,Jordan and Marcus
CC-5136,Noivern V (Alternate Full Art) — Evolving Skies · #196/203,NM,74,Jordan and Marcus
CC-5137,Ditto — Fossil · #3,NM,119,Jordan and Marcus
CC-5138,Dragonite — Fossil · #4,MP,325,Jordan and Marcus
CC-5139,Haunter — Fossil · #6,MP,119,Jordan and Marcus
CC-5140,Magneton (11) — Fossil · #11,HP,34,Jordan and Marcus
CC-5141,Misty's Golduck — Gym Challenge · #12,MP,48,Jordan and Marcus
CC-5142,Erika's Dragonair — Gym Heroes · #4,PSA 8,177,Jordan and Marcus
CC-5143,Lt. Surge's Electabuzz — Gym Heroes · #6,MP,31,Jordan and Marcus
CC-5144,Kangaskhan — Jungle · #5,LP,16,Jordan and Marcus
CC-5145,Nidoqueen — Jungle · #7,LP,38,Jordan and Marcus
CC-5146,Snorlax — Jungle · #11,MP,115,Jordan and Marcus
CC-5147,Vaporeon — Jungle · #28,MP,30,Jordan and Marcus
CC-5148,Vaporeon — Jungle · #12,HP,28,Jordan and Marcus
CC-5149,Vaporeon — Jungle · #12,MP,36,Jordan and Marcus
CC-5150,Ancient Mew [2000] — Miscellaneous Cards & Products · #1,PSA 5,84,Jordan and Marcus
CC-5151,Umbreon — Neo Discovery · #13,PSA 6,564,Jordan and Marcus
CC-5152,Smeargle (JP) — Neo Discovery (Japanese) · #235,LP,24,Jordan and Marcus
CC-5153,Tyranitar (JP) — Neo Discovery (Japanese) · #248,PSA 8,145,Jordan and Marcus
CC-5154,Ampharos — Neo Genesis · #1,LP,34,Jordan and Marcus
CC-5155,Steelix (JP) — Neo Genesis (Japanese) · #208,LP,15,Jordan and Marcus
CC-5156,Mega Charizard X ex — Phantasmal Flames · #109/094,NM,23,Jordan and Marcus
CC-5157,Dark Arbok — Team Rocket · #2,NM,17,Jordan and Marcus
CC-5158,Dark Charizard — Team Rocket · #21,PSA 7,182,Jordan and Marcus
CC-5159,Dark Dragonite — Team Rocket · #5,PSA 5,352,Jordan and Marcus
CC-5160,Dark Dragonite (22) — Team Rocket · #22,LP,61,Jordan and Marcus
CC-5161,Dark Dragonite (22) — Team Rocket · #22,LP,61,Jordan and Marcus
CC-5162,Dark Jolteon — Team Rocket · #38,NM,27,Jordan and Marcus
CC-5163,Gengar ex — Temporal Forces · #193/162,NM,55,Jordan and Marcus
CC-5164,Meowth — WoTC Promo · #10/53,LP,56,Jordan and Marcus
CC-5277,Mega Charizard X ex — Mega Evolution Promos · #023,NM,29,Andy
CC-5278,Mega Greninja ex — Mega Evolution Promos · #081,NM,1,Andy
CC-5279,Oricorio ex — Mega Evolution Promos · #024,NM,10,Andy
CC-5314,Celebrations Premium Figure Collection [Pikachu VMAX] — Celebrations,UO,304,Trung
CC-5315,Crobat V — Lost Origin Trainer Gallery · #TG20/TG30,NM,12,Trung
CC-5316,Lugia ex & Latias ex Premium Collection — Miscellaneous Cards & Products,UO,113,Trung
CC-5317,Mega Lucario ex Premium Figure Collection — Miscellaneous Cards & Products,UO,57,Trung
CC-5318,Prismatic Evolutions Premium Figure Collection — Prismatic Evolutions,UO,222,Trung
